terms,pos,type,count
!,Punctuation,김수남,3
!,Punctuation,김종빈,1
!,Punctuation,김진태,4
!,Punctuation,문무일,2
!,Punctuation,윤석열,2
!,Punctuation,임채진,2
!,Punctuation,채동욱,5
!,Punctuation,한상대,3
"""",Punctuation,김수남,4
"""",Punctuation,문무일,2
',Punctuation,문무일,6
',Punctuation,윤석열,7
(,Punctuation,김수남,4
(,Punctuation,김종빈,2
(,Punctuation,김진태,1
(,Punctuation,채동욱,6
),Punctuation,김수남,2
),Punctuation,김종빈,2
),Punctuation,김진태,1
),Punctuation,채동욱,7
).,Punctuation,김수남,1
")’,",Punctuation,김수남,1
",",Punctuation,김수남,60
",",Punctuation,김종빈,28
",",Punctuation,김준규,29
",",Punctuation,김진태,56
",",Punctuation,문무일,30
",",Punctuation,윤석열,27
",",Punctuation,임채진,45
",",Punctuation,정상명,17
",",Punctuation,채동욱,47
",",Punctuation,한상대,28
",’",Punctuation,김준규,1
.,Punctuation,김수남,76
.,Punctuation,김종빈,62
.,Punctuation,김준규,46
.,Punctuation,김진태,67
.,Punctuation,문무일,44
.,Punctuation,윤석열,37
.,Punctuation,임채진,63
.,Punctuation,정상명,66
.,Punctuation,채동욱,70
.,Punctuation,한상대,62
.',Punctuation,윤석열,1
.(,Punctuation,채동욱,1
1,Number,김수남,2
10,Number,한상대,1
100달러,Number,김수남,1
10년,Number,정상명,1
12,Number,정상명,1
14년,Number,임채진,1
15년,Number,정상명,1
16,Number,정상명,1
19년,Number,김수남,1
1만,Number,채동욱,1
1조,Number,윤석열,1
20,Number,김수남,1
20년,Number,정상명,1
21,Number,정상명,1
22,Number,한상대,1
25년,Number,김준규,1
2년,Number,김수남,1
2년,Number,김준규,1
2년,Number,윤석열,1
3,Number,한상대,1
30년,Number,정상명,1
400년,Number,채동욱,1
40년,Number,정상명,1
4월,Number,김수남,1
50,Number,김수남,1
60,Number,한상대,1
60년,Number,김준규,1
6시,Number,정상명,1
8,Number,김수남,1
8,Number,김진태,1
<,Punctuation,임채진,1
>,Punctuation,임채진,1
?,Punctuation,김종빈,1
?,Punctuation,한상대,1
OECD,Alpha,한상대,1
The,Alpha,채동욱,1
best,Alpha,채동욱,2
follower,Alpha,채동욱,1
is,Alpha,채동욱,1
leader,Alpha,채동욱,1
the,Alpha,채동욱,1
·,Punctuation,김수남,9
·,Punctuation,윤석열,2
‘,Foreign,김수남,9
‘,Foreign,김종빈,6
‘,Foreign,김준규,3
‘,Foreign,김진태,15
‘,Foreign,임채진,3
‘,Foreign,정상명,18
‘,Foreign,채동욱,14
’,Punctuation,김수남,7
’,Punctuation,김종빈,6
’,Punctuation,김준규,1
’,Punctuation,김진태,13
’,Punctuation,임채진,3
’,Punctuation,정상명,18
’,Punctuation,채동욱,14
"’,",Punctuation,김수남,1
"’,",Punctuation,김준규,1
"’,",Punctuation,김진태,2
“,Foreign,김수남,15
“,Foreign,김진태,2
“,Foreign,채동욱,2
”,Foreign,김수남,15
”,Foreign,김진태,2
”,Foreign,채동욱,2
․,Foreign,김종빈,1
『,Foreign,김종빈,1
』,Foreign,김종빈,1
ㆍ,Foreign,김진태,2
ㆍ,Foreign,문무일,1
一夫當逕,Foreign,채동욱,1
下意上達,Foreign,채동욱,1
仰不愧於天,Foreign,김수남,1
俯不怍於人,Foreign,김수남,1
公,Foreign,채동욱,2
公私,Foreign,김진태,1
則國弱,Foreign,김수남,1
則國强,Foreign,김수남,1
前,Foreign,채동욱,1
國無常强,Foreign,김수남,1
奉法者弱,Foreign,김수남,1
奉法者强,Foreign,김수남,1
威而不猛,Foreign,김수남,1
安逸,Foreign,김종빈,1
敵,Foreign,김종빈,1
法不阿貴,Foreign,김수남,1
泰而不驕,Foreign,김수남,1
無常弱,Foreign,김수남,1
艦船,Foreign,채동욱,1
苦難,Foreign,김종빈,1
足懼千夫,Foreign,채동욱,1
가,Josa,김수남,17
가,Josa,김종빈,8
가,Josa,김준규,10
가,Josa,김진태,12
가,Josa,문무일,2
가,Josa,윤석열,7
가,Josa,임채진,11
가,Josa,정상명,14
가,Josa,채동욱,13
가,Josa,한상대,13
가,Verb,김준규,1
가,Verb,채동욱,1
가고자,Verb,임채진,1
가까이,Noun,김종빈,1
가까이,Noun,문무일,1
가는,Verb,문무일,1
가는,Verb,정상명,1
가는,Verb,채동욱,1
가는,Verb,한상대,2
가능,Noun,김진태,1
가능성,Noun,한상대,1
가능하도록,Adjective,채동욱,1
가능하지는,Adjective,김종빈,1
가능한,Adjective,채동욱,1
가다듬게,Verb,정상명,1
가다듬어야,Verb,김수남,1
가다듬어야,Verb,임채진,1
가득하기를,Adjective,김종빈,1
가려내야,Verb,김진태,1
가로막는,Verb,김수남,1
가르침,Noun,김수남,1
가보지,Verb,정상명,1
가슴,Noun,윤석열,1
가슴,Noun,정상명,3
가야,Noun,김종빈,2
가운데,Noun,김준규,1
가운데,Noun,김진태,1
가운데,Noun,문무일,1
가의,Noun,윤석열,1
가장,Noun,김수남,1
가장,Noun,김종빈,1
가장,Noun,김진태,2
가장,Noun,문무일,1
가장,Noun,윤석열,1
가장,Noun,임채진,1
가장,Noun,정상명,1
가장,Noun,채동욱,5
가장,Noun,한상대,1
가정,Noun,김수남,1
가정,Noun,김종빈,1
가정,Noun,임채진,1
가정폭력,Noun,김수남,1
가져야,Verb,문무일,1
가져야,Verb,채동욱,2
가져줄,Verb,채동욱,1
가족,Noun,김수남,4
가족,Noun,김종빈,4
가족,Noun,김준규,1
가족,Noun,김진태,7
가족,Noun,문무일,2
가족,Noun,윤석열,3
가족,Noun,임채진,1
가족,Noun,정상명,6
가족,Noun,채동욱,6
가족,Noun,한상대,2
가지,Noun,김수남,2
가지,Noun,김종빈,2
가지,Noun,문무일,1
가지,Noun,임채진,1
가지,Noun,정상명,4
가지,Noun,채동욱,1
가지기,Verb,김준규,1
가진,Verb,임채진,1
가진,Verb,정상명,3
가진,Verb,한상대,1
가질,Verb,김준규,1
가질,Verb,문무일,1
가치,Noun,김수남,1
가치,Noun,문무일,3
가치,Noun,윤석열,3
가치,Noun,정상명,1
가치,Noun,채동욱,1
가치,Noun,한상대,1
각계,Noun,채동욱,1
각고,Noun,김종빈,1
각박하지,Adjective,문무일,1
각별,Noun,채동욱,1
각오,Noun,김종빈,1
각오,Noun,김진태,2
각오,Noun,문무일,1
각오,Noun,임채진,2
각오,Noun,정상명,1
각오,Noun,채동욱,2
각자,Noun,김준규,1
각자,Noun,김진태,1
각자,Noun,문무일,2
각자,Noun,채동욱,2
각종,Noun,김수남,2
각종,Noun,김진태,1
각종,Noun,임채진,1
각층,Noun,채동욱,1
간,Foreign,김수남,1
간,Foreign,윤석열,1
간,Noun,문무일,1
간,Suffix,김진태,1
간,Suffix,정상명,1
간,Suffix,채동욱,3
간곡히,Adverb,임채진,1
간곡히,Adverb,정상명,1
간도,Noun,김준규,1
간략하게,Adjective,문무일,1
간명,Noun,문무일,1
간부,Noun,김수남,1
간섭,Noun,김종빈,2
간의,Foreign,김준규,1
간절한,Adjective,김진태,1
간절히,Adjective,임채진,1
갈,Verb,문무일,1
갈,Verb,정상명,1
갈,Verb,채동욱,1
갈등,Noun,김종빈,1
갈등,Noun,김준규,1
갈등,Noun,김진태,1
갈망,Noun,정상명,1
갈수록,Noun,김진태,1
감,Noun,정상명,1
감독,Noun,김진태,1
감동,Noun,문무일,1
감사,Noun,김수남,1
감사,Noun,김준규,2
감사,Noun,김진태,1
감사,Noun,문무일,1
감사,Noun,윤석열,2
감사,Noun,임채진,1
감사,Noun,정상명,1
감사합니다,Verb,김수남,1
감사합니다,Verb,김종빈,1
감사합니다,Verb,김준규,1
감사합니다,Verb,김진태,1
감사합니다,Verb,문무일,1
감사합니다,Verb,윤석열,1
감사합니다,Verb,임채진,1
감사합니다,Verb,정상명,1
감사합니다,Verb,채동욱,1
감사합니다,Verb,한상대,1
감싸주길,Verb,김종빈,1
감찰,Noun,김종빈,2
감찰,Noun,문무일,1
감찰,Noun,채동욱,3
감찰,Noun,한상대,2
감회,Noun,김준규,1
감회,Noun,김진태,1
감히,Noun,김종빈,1
감히,Noun,채동욱,1
갑시다,Verb,문무일,1
갑작스레,Noun,김준규,1
강,Noun,김수남,3
강,Noun,김종빈,2
강,Noun,윤석열,1
강,Noun,임채진,1
강구,Noun,김수남,1
강국,Noun,한상대,1
강도,Noun,김수남,1
강력범죄,Noun,김수남,1
강력범죄,Noun,채동욱,1
강력하게,Adjective,김수남,1
강력하게,Adjective,김준규,1
강력한,Adjective,윤석열,2
강력한,Adjective,채동욱,1
강력한,Adjective,한상대,1
강력히,Adjective,윤석열,1
강령,Noun,정상명,1
강물,Noun,한상대,1
강인한,Adjective,임채진,1
강조,Noun,김수남,4
강조,Noun,김종빈,1
강조,Noun,윤석열,2
강조,Noun,정상명,1
강조,Noun,채동욱,2
강하다,Adjective,임채진,1
강하다는,Adjective,임채진,1
강하면,Adjective,김수남,1
강한,Adjective,김수남,2
강한,Adjective,임채진,2
강한,Adjective,정상명,1
강해지고,Adjective,한상대,1
강화,Noun,김수남,2
강화,Noun,임채진,1
강화하고,Adjective,김수남,1
강화하는,Adjective,김수남,1
강화할,Adjective,정상명,1
강화할,Adjective,채동욱,1
강화해,Adjective,김수남,2
강화해야,Adjective,김진태,1
강화해야,Adjective,정상명,1
갖게,Verb,김수남,1
갖게,Verb,임채진,1
갖고,Verb,문무일,1
갖고,Verb,한상대,1
갖되,Verb,김수남,1
갖추고,Verb,김종빈,1
갖추라는,Verb,정상명,1
갖추지,Verb,윤석열,1
갖춘,Verb,김수남,1
갖춘,Verb,김진태,1
갖춘,Verb,채동욱,1
같은,Adjective,김수남,3
같은,Adjective,김진태,1
같은,Adjective,임채진,1
같은,Adjective,채동욱,1
같이,Adverb,정상명,1
같이,Josa,김진태,1
같이,Josa,정상명,1
개,Noun,김수남,1
개,Noun,정상명,3
개개,Noun,김수남,2
개개인,Noun,김종빈,1
개개인,Noun,한상대,1
개발,Noun,김수남,1
개발,Noun,정상명,1
개방,Noun,임채진,1
개선,Noun,김종빈,1
개선,Noun,정상명,1
개선,Noun,채동욱,1
개설,Noun,김수남,1
개성,Noun,김준규,1
개시,Noun,윤석열,1
개월,Noun,김진태,1
개인,Noun,김진태,1
개인,Noun,윤석열,1
개인,Noun,정상명,1
개입,Noun,윤석열,2
개정,Noun,채동욱,1
개진,Noun,문무일,1
개혁,Noun,김종빈,3
개혁,Noun,정상명,1
개혁,Noun,채동욱,8
객관,Noun,윤석열,1
객관성,Noun,김수남,1
객관성,Noun,채동욱,2
거나,Noun,임채진,3
거대한,Adjective,정상명,1
거두어,Verb,문무일,1
거듭,Noun,김종빈,1
거듭,Noun,김진태,2
거듭,Noun,정상명,3
거뜬히,Adjective,채동욱,1
거래,Noun,김진태,1
거래,Noun,한상대,1
거리,Noun,김수남,1
거리,Noun,김종빈,1
거만,Noun,한상대,1
거부,Noun,정상명,2
거쳐,Verb,정상명,1
걱정,Noun,문무일,1
건강,Noun,김수남,1
건강,Noun,김종빈,1
건강,Noun,김준규,1
건강,Noun,윤석열,1
건강,Noun,임채진,1
건강한,Adjective,채동욱,1
건너가야,Verb,임채진,1
건너갈,Verb,임채진,1
건설,Noun,임채진,1
건설,Noun,정상명,1
건전한,Adjective,김수남,1
건져내,Verb,한상대,1
걷어,Verb,문무일,1
걸,Noun,정상명,1
걸림,Verb,김수남,1
걸어가는,Verb,윤석열,1
걸음,Noun,김수남,1
걸음,Noun,김종빈,1
걸음,Noun,김진태,2
걸음,Noun,임채진,2
걸음,Noun,정상명,2
검사,Noun,김수남,3
검사,Noun,김종빈,1
검사,Noun,김준규,5
검사,Noun,김진태,1
검사,Noun,문무일,2
검사,Noun,정상명,2
검사,Noun,채동욱,1
검사,Noun,한상대,1
검은,Adjective,한상대,1
검찰,Noun,김수남,15
검찰,Noun,김종빈,30
검찰,Noun,김준규,24
검찰,Noun,김진태,39
검찰,Noun,문무일,18
검찰,Noun,윤석열,6
검찰,Noun,임채진,30
검찰,Noun,정상명,51
검찰,Noun,채동욱,33
검찰,Noun,한상대,25
검찰청,Noun,김종빈,2
검찰총장,Noun,김수남,2
검찰총장,Noun,김종빈,2
검찰총장,Noun,김준규,3
검찰총장,Noun,김진태,1
검찰총장,Noun,문무일,1
검찰총장,Noun,윤석열,1
검찰총장,Noun,임채진,1
검찰총장,Noun,정상명,5
검찰총장,Noun,채동욱,4
검찰총장,Noun,한상대,1
검토,Noun,문무일,1
것,Noun,김수남,12
것,Noun,김종빈,13
것,Noun,김준규,3
것,Noun,김진태,12
것,Noun,문무일,2
것,Noun,윤석열,12
것,Noun,임채진,17
것,Noun,정상명,15
것,Noun,채동욱,17
것,Noun,한상대,21
것임,Noun,채동욱,1
겉,Noun,김진태,1
게,Josa,김종빈,1
게,Josa,김준규,3
게을리,Adverb,임채진,1
격동,Noun,정상명,1
격랑,Noun,채동욱,1
격려,Noun,김종빈,1
격려,Noun,김진태,1
격의,Noun,김준규,1
격조,Noun,임채진,1
겪고,Verb,김진태,1
견뎌,Verb,정상명,1
견디고,Verb,한상대,1
견인,Noun,정상명,1
견줄,Noun,임채진,1
견지,Noun,김진태,1
결,Noun,채동욱,1
결과,Noun,김진태,1
결과,Noun,문무일,1
결과,Noun,임채진,1
결과,Noun,채동욱,2
결국,Adverb,김수남,1
결론,Noun,김수남,1
결론,Noun,김진태,1
결론,Noun,문무일,3
결연한,Adjective,김진태,1
결연한,Adjective,채동욱,1
결연히,Adjective,김진태,1
결의,Noun,한상대,1
결정,Noun,김진태,2
결정,Noun,문무일,2
결정,Noun,채동욱,1
결집,Noun,김진태,1
결코,Noun,김종빈,1
결코,Noun,임채진,2
결코,Noun,정상명,2
결코,Noun,채동욱,2
결코,Noun,한상대,1
결함,Noun,임채진,1
겸비,Noun,정상명,1
겸손,Noun,김수남,1
겸손,Noun,임채진,1
겸손,Noun,한상대,1
겸손하게,Adjective,김종빈,1
겸손한,Adjective,임채진,1
겸손한,Adjective,정상명,1
겸손해야,Adjective,김수남,1
겸허,Noun,김수남,1
겸허,Noun,김준규,1
겸허,Noun,김진태,4
겸허,Noun,채동욱,1
경,Modifier,정상명,1
경계,Noun,김수남,1
경계,Noun,김종빈,1
경륜,Noun,김수남,1
경륜,Noun,김진태,1
경미한,Adjective,김준규,1
경우,Noun,김수남,1
경우,Noun,김종빈,2
경우,Noun,김진태,1
경우,Noun,문무일,1
경우,Noun,윤석열,1
경우,Noun,임채진,1
경우,Noun,채동욱,2
경의,Noun,김수남,1
경의,Noun,윤석열,1
경의,Noun,임채진,2
경쟁,Noun,김수남,1
경쟁,Noun,김진태,1
경쟁,Noun,윤석열,3
경제,Noun,김진태,1
경제,Noun,윤석열,2
경제,Noun,한상대,3
경찰,Noun,문무일,1
경찰,Noun,채동욱,1
경청,Noun,김수남,1
경청,Noun,김진태,2
경청,Noun,윤석열,2
경청,Noun,한상대,1
경험,Noun,채동욱,1
곁,Noun,정상명,1
계기,Noun,김준규,1
계기,Noun,정상명,1
계속,Noun,김수남,1
계시는,Adjective,문무일,1
고,Josa,김수남,1
고,Josa,김종빈,1
고,Josa,김준규,4
고,Josa,김진태,2
고,Josa,문무일,2
고,Josa,윤석열,1
고,Josa,임채진,1
고,Josa,정상명,6
고,Josa,채동욱,3
고,Noun,김수남,3
고,Noun,김종빈,1
고,Noun,윤석열,1
고,Noun,정상명,1
고,Noun,채동욱,3
고개,Noun,김수남,2
고견,Noun,정상명,1
고결하신,Adjective,정상명,1
고구마,Noun,김종빈,1
고난,Noun,김종빈,2
고달픈,Adjective,김진태,1
고도,Noun,김종빈,1
고도,Noun,정상명,1
고려,Noun,김수남,1
고려,Noun,김준규,1
고려,Noun,김진태,1
고려,Noun,임채진,2
고리,Noun,한상대,1
고민,Noun,김수남,1
고민,Noun,윤석열,1
고민,Noun,정상명,1
고발,Noun,윤석열,1
고소,Noun,윤석열,1
고양이,Noun,김수남,1
고유,Noun,김진태,1
고자,Noun,김종빈,1
고지,Noun,한상대,1
고질,Noun,김수남,1
고질,Noun,한상대,1
고집,Noun,김진태,1
고치,Noun,한상대,1
고통,Noun,임채진,1
고통스러울,Adjective,김수남,1
고통스러웠던,Adjective,정상명,1
곧,Noun,김진태,1
곧바로,Noun,임채진,1
골,Noun,한상대,1
곳,Noun,김수남,1
곳,Noun,임채진,3
곳,Noun,채동욱,2
곳곳,Noun,김수남,1
곳곳,Noun,임채진,1
곳곳,Noun,채동욱,1
곳곳,Noun,한상대,1
공,Modifier,김수남,1
공,Modifier,김준규,1
공,Modifier,김진태,1
공,Modifier,채동욱,4
공,Noun,채동욱,2
공감,Noun,김진태,1
공감,Noun,문무일,1
공감,Noun,윤석열,2
공개,Noun,김종빈,1
공개,Noun,문무일,1
공권력,Noun,윤석열,1
공기업,Noun,김진태,1
공동,Noun,문무일,1
공동체,Noun,김진태,2
공동체,Noun,문무일,2
공동체,Noun,채동욱,2
공명,Noun,김수남,1
공명,Noun,김진태,1
공명정대,Noun,김진태,1
공명정대,Noun,임채진,1
공명정대,Noun,정상명,1
공무원,Noun,김진태,2
공무원,Noun,임채진,1
공백,Noun,김수남,1
공백,Noun,채동욱,1
공복,Noun,김진태,1
공부,Noun,김종빈,1
공사,Noun,김종빈,1
공사,Noun,김진태,1
공안,Noun,김수남,1
공안,Noun,한상대,1
공익,Noun,윤석열,2
공적,Noun,임채진,1
공적자금,Noun,김진태,1
공정,Noun,김진태,1
공정하게,Adjective,임채진,1
공정하게,Adjective,정상명,1
공정하게,Adjective,채동욱,1
공정하고,Adjective,김수남,1
공정하고,Adjective,김종빈,1
공정하고,Adjective,문무일,1
공정한,Adjective,김수남,1
공정한,Adjective,김종빈,1
공정한,Adjective,윤석열,3
공직,Noun,김준규,1
공직,Noun,김진태,1
공직자,Noun,김수남,1
공직자,Noun,김진태,1
공직자,Noun,정상명,1
공판,Noun,김진태,1
공표,Noun,채동욱,1
과,Josa,김수남,24
과,Josa,김종빈,31
과,Josa,김준규,8
과,Josa,김진태,21
과,Josa,문무일,10
과,Josa,윤석열,11
과,Josa,임채진,32
과,Josa,정상명,24
과,Josa,채동욱,28
과,Josa,한상대,10
과,Noun,김종빈,2
과감,Noun,김준규,1
과감,Noun,임채진,2
과거,Noun,김수남,1
과거,Noun,문무일,1
과거,Noun,윤석열,1
과거,Noun,채동욱,2
과도,Josa,김준규,1
과도,Noun,문무일,1
과연,Noun,정상명,1
과의,Josa,임채진,1
과의,Josa,정상명,3
과의,Josa,한상대,3
과잉,Noun,김진태,1
과잉,Noun,문무일,1
과잉,Noun,임채진,1
과잉,Noun,채동욱,1
과정,Noun,김수남,1
과정,Noun,김종빈,1
과정,Noun,김진태,2
과정,Noun,문무일,4
과정,Noun,윤석열,1
과정,Noun,임채진,1
과정,Noun,정상명,1
과정,Noun,채동욱,1
과제,Noun,김진태,1
과제,Noun,정상명,2
과학,Noun,김종빈,3
과학,Noun,임채진,1
관,Noun,채동욱,1
관계,Noun,문무일,1
관계,Noun,임채진,1
관계,Noun,정상명,1
관계,Noun,채동욱,1
관련,Noun,문무일,1
관련,Noun,윤석열,1
관료,Noun,임채진,1
관심,Noun,김진태,1
관심,Noun,임채진,2
관심,Noun,채동욱,1
관용,Noun,김준규,2
관점,Noun,윤석열,1
관해,Noun,윤석열,1
관행,Noun,김수남,1
관행,Noun,김종빈,1
관행,Noun,문무일,2
관행,Noun,임채진,3
관행,Noun,정상명,1
관행,Noun,채동욱,2
관행,Noun,한상대,1
괄목,Noun,김준규,1
교란,Noun,윤석열,1
교란,Noun,채동욱,1
교류,Noun,임채진,1
교류,Noun,채동욱,1
교만하지,Adjective,김수남,1
구,Modifier,정상명,1
구,Noun,임채진,1
구,Noun,정상명,1
구가,Noun,윤석열,1
구별,Noun,김진태,1
구성,Noun,채동욱,3
구성원,Noun,김수남,1
구성원,Noun,김종빈,1
구성원,Noun,김진태,5
구성원,Noun,문무일,1
구성원,Noun,정상명,2
구성원,Noun,채동욱,2
구심,Noun,임채진,1
구절,Noun,김진태,1
구제,Noun,김진태,2
구제,Noun,채동욱,1
구조,Noun,김수남,1
구조,Noun,김진태,2
구조,Noun,문무일,1
구조조정,Noun,임채진,1
구체,Noun,정상명,1
구축,Noun,김수남,1
구축,Noun,김종빈,1
구축,Noun,정상명,1
구축,Noun,채동욱,1
구축,Noun,한상대,1
구해,Noun,김수남,3
구현,Noun,정상명,1
구호,Noun,정상명,1
국가,Noun,김수남,3
국가,Noun,김종빈,1
국가,Noun,김준규,2
국가,Noun,김진태,7
국가,Noun,문무일,1
국가,Noun,임채진,1
국가,Noun,정상명,1
국가,Noun,채동욱,1
국가,Noun,한상대,7
국가경쟁력,Noun,김수남,1
국가경쟁력,Noun,채동욱,1
국경,Noun,한상대,1
국민,Noun,김수남,13
국민,Noun,김종빈,24
국민,Noun,김준규,7
국민,Noun,김진태,19
국민,Noun,문무일,17
국민,Noun,윤석열,24
국민,Noun,임채진,23
국민,Noun,정상명,24
국민,Noun,채동욱,17
국민,Noun,한상대,9
국민소득,Noun,김수남,1
국법,Noun,임채진,2
국회의원,Noun,김수남,1
군림,Noun,채동욱,1
굳건,Adjective,김진태,1
굳건,Adjective,정상명,1
굳건,Adjective,채동욱,2
굳고,Adjective,임채진,1
굽히는,Verb,임채진,1
권,Suffix,김종빈,4
권,Suffix,김진태,1
권,Suffix,임채진,6
권,Suffix,정상명,1
권,Suffix,한상대,1
권력,Noun,김종빈,4
권력,Noun,윤석열,4
권력,Noun,정상명,1
권력,Noun,채동욱,1
권리,Noun,김진태,3
권리,Noun,윤석열,1
권리,Noun,채동욱,1
권위,Noun,김진태,1
권위,Noun,문무일,1
권위,Noun,정상명,1
권위,Noun,채동욱,2
권익,Noun,김진태,1
권익,Noun,윤석열,4
권익,Noun,임채진,1
권한,Noun,김종빈,1
권한,Noun,윤석열,4
권한,Noun,임채진,1
권한,Noun,정상명,3
권한,Noun,채동욱,3
권한이므로,Verb,윤석열,1
귀,Noun,문무일,2
귀로,Noun,김수남,1
귀한,Adjective,김수남,1
규모,Noun,김수남,1
규모,Noun,김진태,1
규정,Noun,윤석열,1
규정,Noun,정상명,1
균형,Noun,윤석열,1
균형,Noun,정상명,2
그,Noun,김종빈,2
그,Noun,김준규,3
그,Noun,김진태,4
그,Noun,문무일,4
그,Noun,윤석열,1
그,Noun,임채진,4
그,Noun,정상명,7
그,Noun,채동욱,2
그,Noun,한상대,1
그간,Noun,윤석열,1
그것,Noun,윤석열,1
그것,Noun,채동욱,1
그것,Noun,한상대,1
그늘,Noun,김종빈,1
그늘,Noun,임채진,1
그동안,Noun,김준규,2
그동안,Noun,김진태,1
그동안,Noun,임채진,1
그동안,Noun,채동욱,1
그래서,Adverb,정상명,1
그래서,Adverb,채동욱,1
그러기,Adjective,윤석열,1
그러나,Conjunction,김수남,2
그러나,Conjunction,김종빈,3
그러나,Conjunction,문무일,2
그러나,Conjunction,윤석열,1
그러나,Conjunction,임채진,1
그러나,Conjunction,정상명,2
그러나,Conjunction,채동욱,1
그러므로,Conjunction,채동욱,2
그러한,Adjective,정상명,1
그런,Adjective,윤석열,1
그렇게,Adverb,김진태,1
그렇습니다,Adjective,김수남,1
그려야,Verb,채동욱,1
그릇된,Adjective,채동욱,1
그리고,Conjunction,김준규,3
그리고,Conjunction,김진태,2
그리고,Conjunction,문무일,1
그리고,Conjunction,윤석열,3
그리고,Conjunction,정상명,1
그리하여,Conjunction,임채진,1
그마,Foreign,정상명,1
그저,Adverb,정상명,1
그쳐,Verb,채동욱,1
그치지,Verb,김진태,1
극복,Noun,김수남,1
극복,Noun,임채진,1
극복,Noun,정상명,1
극복,Noun,채동욱,1
근간,Noun,김수남,1
근간,Noun,김진태,1
근간,Noun,한상대,1
근거,Noun,윤석열,1
근무,Noun,김수남,1
근무,Noun,김종빈,1
근무,Noun,문무일,1
근무,Noun,정상명,1
근본,Noun,채동욱,1
근절,Noun,김진태,1
근절,Noun,채동욱,1
금,Noun,채동욱,1
금융,Noun,김수남,1
급변,Noun,김진태,1
급속히,Adjective,김종빈,1
급속히,Adjective,채동욱,1
긍정,Noun,한상대,1
긍지,Noun,김진태,1
긍지,Noun,채동욱,1
기,Modifier,김진태,2
기,Modifier,윤석열,1
기,Modifier,임채진,1
기간,Noun,김준규,2
기강,Noun,김종빈,1
기강,Noun,김진태,1
기강,Noun,한상대,1
기계,Noun,김수남,1
기계,Noun,윤석열,1
기관,Noun,김수남,1
기관,Noun,김종빈,1
기관,Noun,김진태,3
기관,Noun,윤석열,2
기관,Noun,임채진,1
기관,Noun,정상명,2
기관,Noun,채동욱,1
기관,Noun,한상대,3
기구,Noun,채동욱,1
기능,Noun,김수남,3
기능,Noun,김진태,2
기능,Noun,정상명,5
기능,Noun,채동욱,1
기다릴,Verb,정상명,1
기대,Noun,김종빈,1
기대,Noun,임채진,1
기대,Noun,채동욱,1
기대하고,Adjective,김종빈,1
기대하면서,Adjective,임채진,1
기대합니다,Adjective,김진태,1
기대합니다,Adjective,정상명,1
기대합니다,Adjective,한상대,2
기도,Noun,정상명,1
기득권,Noun,정상명,1
기록,Noun,문무일,1
기르고,Verb,문무일,1
기를,Verb,문무일,1
기를,Verb,채동욱,1
기만,Noun,한상대,1
기밀,Noun,임채진,1
기반,Noun,한상대,1
기법,Noun,김종빈,1
기법,Noun,임채진,1
기법,Noun,정상명,1
기본,Noun,김수남,1
기본,Noun,김종빈,1
기본,Noun,김진태,1
기본,Noun,문무일,1
기본,Noun,채동욱,7
기본권,Noun,윤석열,1
기본권,Noun,정상명,1
기쁘고,Adjective,윤석열,1
기쁜,Adjective,김종빈,1
기쁨,Noun,정상명,1
기소,Noun,윤석열,1
기술,Noun,채동욱,1
기억,Noun,김진태,1
기억,Noun,정상명,1
기업,Noun,김수남,1
기업,Noun,김진태,1
기업,Noun,채동욱,1
기여,Noun,김진태,1
기여,Noun,문무일,1
기여,Noun,임채진,1
기울여,Verb,김수남,1
기울여,Verb,김종빈,1
기울여야,Verb,김수남,1
기울여야,Verb,정상명,1
기울여야,Verb,채동욱,1
기울이고,Verb,김종빈,1
기울입시다,Verb,문무일,1
기웃,Noun,김종빈,1
기원,Noun,김준규,1
기원,Noun,임채진,1
기존,Noun,김진태,1
기존,Noun,정상명,1
기준,Noun,김수남,1
기준,Noun,김종빈,1
기준,Noun,임채진,1
기준,Noun,채동욱,1
기틀,Noun,한상대,1
기품,Noun,문무일,1
기필코,Noun,김준규,1
기하,Noun,임채진,1
기하,Noun,채동욱,1
기해,Noun,김수남,1
기회,Noun,임채진,1
기회,Noun,정상명,1
기회,Noun,한상대,1
기획,Noun,정상명,2
긴,Verb,한상대,1
긴장감,Noun,김종빈,1
길,Noun,임채진,2
길,Noun,채동욱,3
길,Noun,한상대,2
길목,Noun,채동욱,1
길은,Adjective,김수남,1
길은,Adjective,김진태,1
길은,Adjective,정상명,1
김종,Noun,정상명,1
김진태,Noun,김수남,1
김진태,Noun,채동욱,1
깃털,Noun,정상명,1
깊으면,Adjective,한상대,1
깊은,Adjective,김수남,1
깊은,Adjective,윤석열,1
깊은,Adjective,정상명,1
깊은,Adjective,한상대,1
깊이,Noun,윤석열,1
깊이,Noun,임채진,1
깊이,Noun,정상명,3
깊이,Noun,채동욱,1
까지,Josa,김수남,2
까지,Josa,김진태,2
까지,Josa,윤석열,2
까지,Josa,정상명,1
까지,Josa,채동욱,1
까지도,Josa,김진태,1
까지도,Josa,문무일,1
깔려,Verb,김준규,1
깨끗이,Adverb,김종빈,1
깨끗하지,Adjective,채동욱,1
깨끗한,Adjective,김종빈,1
깨끗한,Adjective,정상명,1
깨끗한,Adjective,채동욱,1
깨끗한,Adjective,한상대,1
깨끗함과,Adjective,한상대,1
깨워주는,Verb,정상명,1
께,Josa,김수남,1
께,Josa,김종빈,1
께,Josa,김준규,3
께,Josa,김진태,1
께,Josa,문무일,2
께,Josa,윤석열,1
께,Josa,임채진,1
께,Josa,정상명,2
께,Josa,한상대,1
께서,Josa,김준규,1
께서,Josa,채동욱,1
께서는,Josa,김종빈,1
꼭,Noun,김진태,1
꼭,Noun,윤석열,1
꼽,Noun,문무일,1
꽃,Noun,김종빈,1
꽃,Noun,임채진,1
꽉,Noun,한상대,1
꾸기를,Verb,김수남,1
꾸는,Verb,김수남,1
꾸면,Verb,김수남,1
꾼,Suffix,김종빈,1
꿈,Noun,김수남,6
꿈,Noun,임채진,2
꿈,Noun,한상대,1
꿈꾸는,Verb,임채진,1
꿈꿉니다,Verb,임채진,1
끈질기되,Adjective,문무일,1
끊어야,Verb,김수남,1
끊어야,Verb,한상대,1
끊임없이,Adjective,김수남,2
끊임없이,Adjective,김종빈,1
끊임없이,Adjective,김준규,1
끊임없이,Adjective,김진태,1
끊임없이,Adjective,채동욱,1
끝,Noun,김진태,2
끝,Noun,윤석열,1
끝,Noun,정상명,1
끝내고,Verb,채동욱,1
끝없는,Adjective,김진태,1
끼친다면,Verb,김진태,1
끼칠,Verb,문무일,1
낌,Noun,김수남,1
나,Josa,김준규,1
나,Josa,김진태,2
나,Josa,문무일,1
나,Josa,임채진,1
나,Josa,채동욱,1
나,Noun,김진태,1
나,Noun,채동욱,1
나가겠습니다,Verb,김수남,1
나가겠습니다,Verb,문무일,1
나가겠습니다,Verb,임채진,1
나가고,Verb,채동욱,1
나가고,Verb,한상대,1
나가는,Verb,김준규,1
나가는데,Verb,임채진,1
나가도록,Verb,김준규,1
나가도록,Verb,임채진,1
나가야,Noun,김수남,4
나가야,Noun,김종빈,1
나가야,Noun,김진태,1
나가야,Noun,임채진,4
나가야,Noun,한상대,1
나갈,Verb,김준규,1
나갈,Verb,김진태,1
나갈,Verb,임채진,1
나갈,Verb,채동욱,1
나감으로써,Verb,김진태,1
나갑시다,Verb,김종빈,2
나갑시다,Verb,김진태,2
나갑시다,Verb,정상명,1
나갑시다,Verb,채동욱,1
나게,Verb,정상명,1
나날이,Noun,김종빈,1
나날이,Noun,김진태,1
나누는,Verb,김종빈,1
나눌,Verb,정상명,2
나뉘는,Verb,김준규,1
나라,Noun,김수남,4
나라,Noun,김종빈,1
나라,Noun,김진태,1
나라,Noun,임채진,1
나라,Noun,한상대,3
나설,Verb,김진태,1
나아가,Verb,문무일,2
나아가,Verb,윤석열,1
나아가,Verb,임채진,1
나아가는,Verb,김수남,1
나아갈지를,Verb,김준규,1
나아갑시다,Verb,임채진,1
나아갑시다,Verb,정상명,1
나야,Noun,김종빈,1
나오는,Verb,임채진,1
나온,Verb,윤석열,1
나온다,Verb,윤석열,1
나온다는,Verb,윤석열,1
나옵니다,Verb,채동욱,1
나은,Noun,임채진,1
나타난,Verb,채동욱,1
난,Noun,김수남,1
난관,Noun,김종빈,1
난관,Noun,임채진,1
난관,Noun,한상대,1
난제,Noun,김진태,1
날,Noun,임채진,1
날,Noun,정상명,1
날로,Noun,김진태,1
날인,Noun,정상명,1
낡은,Adjective,정상명,1
남,Noun,김종빈,2
남게,Verb,김준규,1
남북분단,Noun,김진태,1
남아,Noun,김수남,1
남아있는지,Verb,정상명,1
남용,Noun,김종빈,1
남용,Noun,윤석열,1
남용,Noun,임채진,1
남용,Noun,채동욱,1
남지,Noun,임채진,1
납득,Noun,김수남,2
납득,Noun,채동욱,1
납시다,Verb,김진태,1
낭비하는,Adjective,김진태,1
낮건,Adjective,김준규,1
낮은,Adjective,김수남,1
낮은,Adjective,김진태,1
낮은,Adjective,채동욱,1
낮추는,Verb,임채진,1
낮추어도,Verb,임채진,1
낮추어야,Verb,김수남,1
내,Determiner,김진태,1
내,Determiner,임채진,1
내,Determiner,한상대,1
내,Noun,채동욱,1
내년,Noun,김수남,1
내년,Noun,임채진,1
내는,Verb,김종빈,1
내딛고자,Verb,김수남,1
내려져야,Verb,김종빈,1
내리도록,Verb,김진태,1
내리듯이,Verb,김수남,1
내릴,Verb,채동욱,1
내보일,Verb,문무일,1
내부,Noun,김수남,1
내부,Noun,김종빈,1
내부,Noun,김진태,1
내부,Noun,문무일,3
내부,Noun,정상명,2
내부,Noun,한상대,3
내실,Verb,김종빈,1
내어,Verb,문무일,1
내용,Noun,정상명,1
내용,Noun,채동욱,1
내지,Noun,김종빈,1
내지,Noun,채동욱,1
낼,Noun,정상명,1
냄으로써,Verb,김종빈,1
냅시다,Verb,문무일,1
냉엄,Noun,임채진,1
냉철한,Adjective,김진태,1
냉철한,Adjective,정상명,1
냉철한,Adjective,채동욱,1
냉철히,Adjective,김종빈,1
넘고,Verb,임채진,1
넘실대는,Verb,한상대,1
넘어,Verb,한상대,3
넘어서,Verb,한상대,2
넘어섰습니다,Verb,김수남,1
넘어야,Verb,한상대,1
넘을,Verb,임채진,1
넘을,Verb,채동욱,1
넘치는,Adjective,채동욱,1
넘치는,Adjective,한상대,2
넣기,Noun,김종빈,1
네,Noun,정상명,1
넷째,Noun,김수남,1
넷째,Noun,김종빈,1
넷째,Noun,임채진,1
년,Noun,한상대,1
년전,Noun,김수남,1
노고,Noun,김수남,1
노고,Noun,정상명,1
노력,Noun,김수남,3
노력,Noun,김종빈,5
노력,Noun,김준규,1
노력,Noun,김진태,1
노력,Noun,문무일,3
노력,Noun,임채진,1
노력,Noun,정상명,3
노력,Noun,채동욱,2
노사,Noun,김진태,2
녹음,Noun,김종빈,1
녹화,Noun,김종빈,1
논란,Noun,채동욱,1
논어,Noun,김수남,1
논의,Noun,정상명,1
농단,Noun,윤석열,1
높거나,Adjective,김진태,1
높건,Adjective,김준규,1
높게,Adjective,김준규,1
높고,Adjective,임채진,1
높고,Adjective,채동욱,1
높다고,Adjective,한상대,1
높습니다,Adjective,김종빈,1
높아진,Verb,김종빈,1
높여,Verb,채동욱,1
높은,Adjective,김수남,2
높은,Adjective,김종빈,1
높은,Adjective,임채진,2
높이,Noun,채동욱,1
놓고,Verb,김진태,1
놓고,Verb,채동욱,1
놓여질,Verb,김종빈,1
놓치게,Verb,정상명,1
누가,Noun,문무일,1
누가,Noun,한상대,1
누구,Noun,김수남,1
누구,Noun,김진태,1
누를,Verb,김진태,1
누리는,Verb,김진태,1
누수,Noun,김진태,1
누적,Noun,채동욱,1
눈,Noun,김수남,1
눈길,Noun,김종빈,1
눈높이,Noun,김수남,1
눈높이,Noun,김진태,1
눈높이,Noun,채동욱,1
눈동자,Noun,임채진,1
눈물,Noun,정상명,1
눈부신,Adjective,김수남,1
눈빛,Noun,김수남,1
느끼게,Verb,문무일,1
느낄,Verb,김종빈,1
느낍니다,Verb,김수남,1
느낍니다,Verb,정상명,1
느낍니다,Verb,채동욱,1
는,Josa,김수남,13
는,Josa,김종빈,13
는,Josa,김준규,11
는,Josa,김진태,12
는,Josa,문무일,9
는,Josa,윤석열,11
는,Josa,임채진,10
는,Josa,정상명,19
는,Josa,채동욱,24
는,Josa,한상대,16
는,Verb,김수남,3
는,Verb,김진태,2
는,Verb,정상명,1
는,Verb,채동욱,1
늘,Noun,김진태,1
능,Noun,채동욱,1
능력,Noun,김수남,1
능력,Noun,윤석열,1
니,Noun,김진태,1
니까,Josa,김종빈,1
님,Suffix,김수남,1
님,Suffix,김종빈,1
님,Suffix,윤석열,1
님,Suffix,임채진,1
님,Suffix,정상명,1
님,Suffix,채동욱,1
다,Adverb,김종빈,3
다,Adverb,김진태,3
다,Adverb,임채진,1
다,Adverb,정상명,1
다,Adverb,한상대,1
다,Josa,김종빈,3
다,Josa,김진태,3
다,Josa,문무일,1
다,Josa,윤석열,1
다,Noun,김수남,1
다,Noun,김진태,1
다,Noun,한상대,1
다가가서,Verb,김수남,1
다가가야,Verb,김수남,1
다가가지,Verb,김수남,1
다가갑시다,Verb,문무일,2
다가서기,Verb,김종빈,1
다가올,Verb,정상명,1
다가와,Verb,정상명,1
다루는,Verb,정상명,1
다른,Noun,김진태,1
다를,Adjective,김수남,1
다산,Noun,김종빈,1
다산,Noun,정상명,1
다섯째,Modifier,김수남,1
다섯째,Modifier,임채진,1
다소간,Noun,채동욱,1
다시,Noun,김종빈,1
다시,Noun,김준규,2
다시,Noun,문무일,1
다시,Noun,윤석열,2
다시,Noun,임채진,1
다시,Noun,정상명,1
다시,Noun,채동욱,1
다시,Noun,한상대,1
다양한,Adjective,김진태,1
다양한,Adjective,문무일,1
다양한,Adjective,채동욱,1
다운,Noun,김진태,1
다음,Noun,문무일,2
다음,Noun,윤석열,1
다중,Noun,윤석열,1
다지,Noun,한상대,1
다지기,Verb,채동욱,1
다짐,Noun,김종빈,1
다짐,Noun,채동욱,2
다집시다,Verb,김진태,1
다해,Noun,김종빈,2
다해,Noun,김준규,1
다해,Noun,김진태,2
다해,Noun,윤석열,1
다해,Noun,임채진,3
다해,Noun,한상대,1
다행히,Adjective,채동욱,1
닥치더라도,Verb,임채진,1
닦아,Verb,정상명,1
단,Noun,정상명,2
단결,Noun,김진태,1
단계,Noun,김종빈,1
단기간,Noun,김수남,1
단단한,Adjective,김준규,1
단단히,Adjective,임채진,1
단속,Noun,김진태,1
단죄,Noun,김진태,1
단죄,Noun,임채진,1
단죄,Noun,정상명,1
단죄,Noun,채동욱,1
단지,Noun,김수남,1
단지,Noun,김진태,1
단체,Noun,김진태,1
단편,Noun,김진태,1
단합,Noun,김종빈,1
단합,Noun,정상명,1
단행,Noun,임채진,1
단호,Noun,김수남,2
단호,Noun,김종빈,1
단호,Noun,김준규,1
단호,Noun,김진태,2
단호,Noun,윤석열,1
단호,Noun,임채진,1
달,Noun,김종빈,1
달,Noun,김준규,1
달,Noun,정상명,1
달,Noun,채동욱,1
달라,Noun,정상명,1
달라지는,Verb,김종빈,1
달려,Verb,김종빈,1
달성,Noun,김수남,1
달성,Noun,정상명,1
달여의,Verb,김준규,1
담당,Noun,김종빈,1
답,Noun,김준규,3
답,Noun,채동욱,2
답답함과,Adjective,김진태,1
당,Modifier,김준규,1
당당하고,Adjective,임채진,1
당당하고,Adjective,정상명,1
당당하면서,Adjective,김진태,1
당당하지만,Adjective,김준규,2
당당한,Adjective,김진태,3
당당한,Adjective,정상명,1
당면,Noun,김진태,1
당부,Noun,김수남,1
당부,Noun,윤석열,1
당부,Noun,임채진,1
당부,Noun,정상명,1
당부,Noun,채동욱,1
당사자,Noun,김수남,2
당사자,Noun,문무일,1
당사자,Noun,채동욱,1
당연한,Adjective,김진태,1
대,Modifier,김종빈,1
대,Modifier,윤석열,1
대,Modifier,한상대,1
대,Verb,김수남,1
대,Verb,한상대,2
대검,Noun,김수남,2
대검,Noun,임채진,1
대검찰청,Noun,김수남,1
대검찰청,Noun,정상명,1
대변,Noun,한상대,1
대상,Noun,김종빈,1
대상,Noun,김진태,1
대상,Noun,임채진,1
대상,Noun,채동욱,1
대응,Noun,김수남,2
대응,Noun,김준규,2
대응,Noun,김진태,3
대응,Noun,윤석열,1
대접,Noun,김종빈,2
대처,Noun,김수남,3
대처,Noun,김종빈,1
대처,Noun,김진태,3
대처,Noun,문무일,1
대처,Noun,윤석열,2
대처,Noun,임채진,1
대통령령,Noun,채동욱,1
대통령선거,Noun,임채진,1
대폭,Noun,김수남,1
대폭,Noun,김종빈,2
대폭,Noun,채동욱,1
대하,Noun,문무일,3
대하,Noun,채동욱,2
대하,Noun,한상대,1
대하여도,Verb,문무일,1
대한,Noun,김수남,5
대한,Noun,김종빈,2
대한,Noun,김준규,1
대한,Noun,김진태,4
대한,Noun,문무일,3
대한,Noun,윤석열,5
대한,Noun,임채진,2
대한,Noun,정상명,2
대한,Noun,채동욱,4
대한,Noun,한상대,2
대한민국,Noun,김수남,1
대한민국,Noun,김진태,1
대한민국,Noun,임채진,1
대한민국,Noun,정상명,5
대한민국,Noun,채동욱,1
대한민국,Noun,한상대,2
대해,Noun,김수남,1
대해,Noun,김종빈,2
대해,Noun,김준규,2
대해,Noun,김진태,5
대해,Noun,윤석열,1
대해,Noun,정상명,1
대해,Noun,채동욱,2
대행,Noun,채동욱,1
대화,Noun,김진태,1
더,Noun,김수남,3
더,Noun,김종빈,3
더,Noun,김진태,4
더,Noun,문무일,1
더,Noun,윤석열,2
더,Noun,정상명,1
더불어,Verb,정상명,1
더없이,Noun,채동욱,1
더욱,Noun,김수남,1
더욱,Noun,김종빈,4
더욱,Noun,김진태,4
더욱,Noun,문무일,1
더욱,Noun,채동욱,1
더욱,Noun,한상대,1
더욱더,Noun,임채진,1
더한층,Noun,김진태,1
덕,Noun,임채진,1
덕목,Noun,윤석열,1
덕성,Noun,임채진,1
덕이,Noun,임채진,1
덜하지도,Adjective,문무일,1
데,Noun,김수남,2
데,Noun,김종빈,2
데,Noun,김진태,1
데,Noun,문무일,2
데,Noun,윤석열,3
데,Noun,임채진,4
데,Noun,채동욱,1
도,Josa,김수남,7
도,Josa,김종빈,5
도,Josa,김준규,4
도,Josa,김진태,5
도,Josa,문무일,2
도,Josa,윤석열,1
도,Josa,임채진,6
도,Josa,정상명,6
도,Josa,채동욱,10
도,Josa,한상대,3
도,Noun,김수남,3
도,Noun,문무일,1
도,Noun,윤석열,1
도,Noun,임채진,1
도구,Noun,채동욱,1
도달,Noun,김수남,1
도덕성,Noun,김수남,1
도덕성,Noun,김종빈,1
도덕성,Noun,김진태,1
도덕성,Noun,정상명,1
도려내는,Verb,김진태,1
도려내지,Verb,한상대,1
도로,Noun,정상명,1
도모,Noun,임채진,1
도박장,Noun,김수남,1
도약,Noun,한상대,1
도와주어,Verb,김종빈,1
도움,Noun,문무일,1
도입,Noun,김종빈,1
도입,Noun,문무일,1
도출,Noun,김수남,1
도출,Noun,문무일,2
도출,Noun,정상명,1
독립,Noun,김종빈,3
독립,Noun,문무일,1
독립,Noun,임채진,1
독립,Noun,정상명,2
독립성,Noun,문무일,1
독립성,Noun,임채진,1
돈,Noun,김진태,1
돈,Noun,정상명,1
돌,Noun,정상명,1
돌보지,Verb,한상대,1
돌아가,Verb,김준규,1
돌아가라는,Verb,채동욱,1
돌아온,Verb,채동욱,1
돌아와,Verb,김준규,1
돌이,Noun,김수남,1
돌이켜,Verb,김준규,2
동고동락,Noun,김종빈,1
동료,Noun,채동욱,1
동반,Noun,문무일,2
동시,Noun,김수남,1
동안,Noun,김종빈,1
동안,Noun,채동욱,1
동참,Noun,김진태,1
동참,Noun,문무일,1
동참,Noun,한상대,1
동행,Noun,문무일,1
돼,Verb,김수남,1
돼야,Verb,김수남,1
됐습니다,Verb,김수남,1
되,Verb,김수남,1
되,Verb,김준규,1
되,Verb,김진태,4
되,Verb,문무일,1
되,Verb,윤석열,1
되,Verb,정상명,1
되,Verb,채동욱,1
되거나,Verb,채동욱,1
되겠습니다,Verb,김진태,1
되겠습니다,Verb,문무일,1
되고,Verb,김수남,2
되고,Verb,김종빈,1
되고,Verb,김진태,2
되고,Verb,문무일,1
되고,Verb,정상명,3
되고,Verb,채동욱,1
되고,Verb,한상대,3
되기,Verb,김준규,1
되기,Verb,정상명,1
되기,Verb,채동욱,1
되길,Verb,김준규,1
되는,Verb,김종빈,2
되는,Verb,김준규,2
되는,Verb,문무일,1
되는,Verb,윤석열,3
되는,Verb,임채진,2
되는,Verb,정상명,1
되는,Verb,채동욱,1
되는,Verb,한상대,1
되니,Verb,김준규,1
되도록,Verb,윤석열,1
되며,Verb,김진태,1
되면,Verb,한상대,1
되새겨,Verb,정상명,1
되새겨,Verb,채동욱,1
되새겨야,Verb,김수남,1
되새기면서,Verb,정상명,1
되어,Verb,김준규,1
되어,Verb,김진태,1
되어,Verb,문무일,2
되어,Verb,윤석열,2
되어,Verb,임채진,1
되어,Verb,정상명,4
되어,Verb,채동욱,2
되어,Verb,한상대,1
되어서는,Verb,한상대,1
되어야,Verb,김준규,5
되어야,Verb,김진태,1
되어야,Verb,문무일,1
되어야,Verb,윤석열,3
되어야,Verb,정상명,3
되어야,Verb,한상대,1
되었기,Verb,김진태,1
되었기,Verb,정상명,1
되었다면,Verb,윤석열,1
되었습니다,Verb,정상명,1
되었습니다,Verb,한상대,1
되었으리라,Verb,김준규,1
되었을,Verb,김수남,1
되었을,Verb,정상명,1
되지,Verb,채동욱,1
되찾고,Verb,김진태,1
되찾아,Verb,채동욱,1
된,Verb,김수남,2
된,Verb,김종빈,2
된,Verb,김준규,3
된,Verb,김진태,3
된,Verb,문무일,1
된,Verb,윤석열,1
된,Verb,임채진,4
된,Verb,채동욱,4
된,Verb,한상대,1
된다,Verb,김수남,2
된다는,Verb,김진태,1
된다는,Verb,임채진,1
된다는,Verb,채동욱,1
될,Verb,김수남,2
될,Verb,김종빈,2
될,Verb,김준규,1
될,Verb,김진태,1
될,Verb,윤석열,2
될,Verb,임채진,2
될,Verb,정상명,2
될,Verb,채동욱,4
될,Verb,한상대,4
될수록,Verb,한상대,1
될지도,Verb,정상명,1
될지언정,Verb,임채진,1
됨은,Verb,김준규,1
됨은,Verb,윤석열,1
됩니다,Verb,김수남,2
됩니다,Verb,김종빈,1
됩니다,Verb,김진태,1
됩니다,Verb,문무일,1
됩니다,Verb,윤석열,2
됩니다,Verb,임채진,1
됩니다,Verb,정상명,1
됩니다,Verb,채동욱,8
됩니다,Verb,한상대,1
됩시다,Verb,김진태,2
두,Determiner,정상명,1
두,Noun,윤석열,1
두려운,Adjective,임채진,1
두려움,Noun,임채진,2
두려움,Noun,정상명,1
두려움,Noun,한상대,1
두려워하지,Adjective,정상명,1
두렵게,Adjective,채동욱,1
두루,Noun,정상명,1
두지,Verb,임채진,1
둘째,Noun,김수남,1
둘째,Noun,김종빈,1
둘째,Noun,임채진,1
둘째,Noun,정상명,1
둘째,Noun,채동욱,1
둘째,Noun,한상대,2
뒤,Noun,김수남,1
뒤,Noun,김종빈,1
뒤,Noun,임채진,1
뒷받침,Noun,임채진,1
드러난,Verb,김진태,1
드러내,Verb,문무일,2
드러내고,Verb,김진태,1
드려야,Verb,김진태,1
드려야,Verb,문무일,2
드렸습니다,Verb,채동욱,1
드리고,Verb,김진태,1
드리기,Verb,김진태,1
드리는,Verb,윤석열,1
드리며,Verb,김준규,1
드릴,Noun,문무일,1
드릴,Noun,윤석열,1
드립니다,Verb,김수남,1
드립니다,Verb,김준규,2
드립니다,Verb,김진태,1
드립니다,Verb,문무일,1
드립니다,Verb,윤석열,1
드립니다,Verb,정상명,2
든든한,Adjective,김진태,1
든든한,Adjective,문무일,1
든든한,Adjective,정상명,1
든든한,Adjective,채동욱,1
든든합니다,Adjective,채동욱,1
듣겠습니다,Verb,문무일,1
듣고,Verb,김진태,1
듣고,Verb,정상명,1
들,Suffix,김수남,3
들,Suffix,김종빈,12
들,Suffix,김준규,4
들,Suffix,김진태,4
들,Suffix,문무일,4
들,Suffix,임채진,14
들,Suffix,정상명,12
들,Suffix,채동욱,9
들,Suffix,한상대,6
들께는,Verb,김종빈,2
들께도,Verb,채동욱,1
들리지,Verb,김수남,1
들어,Verb,김수남,1
들어,Verb,문무일,1
들어갈,Verb,김진태,1
들어갑시다,Verb,김진태,2
들으며,Verb,문무일,1
들지,Verb,문무일,1
듦이,Verb,김수남,2
듯이,Noun,김수남,1
등,Noun,김수남,6
등,Noun,김종빈,1
등,Noun,김진태,2
등,Noun,문무일,1
등,Noun,윤석열,2
등,Noun,채동욱,2
등대,Noun,김준규,1
디지털로,Noun,정상명,1
따뜻하게,Adjective,김종빈,1
따뜻하게,Adjective,김준규,1
따뜻하게,Adjective,문무일,1
따뜻하게,Adjective,정상명,1
따뜻하고,Adjective,김수남,1
따뜻하지만은,Adjective,김준규,1
따뜻한,Adjective,김종빈,1
따뜻한,Adjective,김준규,2
따뜻한,Adjective,윤석열,1
따뜻한,Adjective,임채진,1
따뜻한,Adjective,정상명,3
따라,Verb,김수남,3
따라,Verb,김진태,1
따라,Verb,문무일,2
따라,Verb,윤석열,1
따라,Verb,임채진,3
따라,Verb,정상명,1
따라,Verb,채동욱,1
따라,Verb,한상대,1
따라서,Noun,김수남,1
따라서,Noun,윤석열,1
따른,Verb,윤석열,2
땀,Noun,김종빈,1
땀,Noun,임채진,1
땅,Noun,한상대,3
때,Noun,김수남,2
때,Noun,김종빈,2
때,Noun,김준규,3
때,Noun,김진태,3
때,Noun,문무일,2
때,Noun,윤석열,2
때,Noun,임채진,2
때,Noun,정상명,2
때,Noun,한상대,3
때로는,Noun,정상명,1
때문,Noun,김진태,1
때문,Noun,임채진,1
때문,Noun,정상명,5
때문,Noun,채동욱,1
떠,Verb,채동욱,1
떠나,Verb,김진태,1
떠나기,Verb,정상명,1
떠나는,Verb,임채진,1
떠난,Verb,김진태,1
떠날,Verb,김준규,1
떠났다가,Verb,김준규,1
떨,Verb,한상대,1
떨어뜨려,Verb,김수남,1
떨어질,Verb,김수남,1
또,Noun,한상대,1
또다시,Adverb,김수남,1
또한,Noun,김수남,5
또한,Noun,김종빈,1
또한,Noun,김준규,1
또한,Noun,김진태,2
또한,Noun,문무일,1
또한,Noun,윤석열,1
또한,Noun,임채진,2
또한,Noun,정상명,3
또한,Noun,한상대,3
뚫은,Verb,정상명,1
뜨,Verb,윤석열,1
뜻,Noun,김진태,3
뜻,Noun,윤석열,2
뜻,Noun,정상명,2
뜻,Noun,채동욱,1
라,Josa,김종빈,1
라,Josa,임채진,1
라,Josa,한상대,1
라고,Josa,김종빈,1
라고,Josa,김준규,1
라고,Josa,윤석열,1
라고,Josa,정상명,1
라는,Josa,김수남,1
라는,Josa,김진태,1
라는,Josa,윤석열,2
라는,Josa,정상명,1
라는,Josa,채동욱,1
라도,Josa,김종빈,1
라도,Josa,문무일,1
라면,Noun,김진태,2
라면,Noun,임채진,1
러,Noun,임채진,1
레미제라블,Noun,김수남,1
력,Suffix,김종빈,1
력,Suffix,윤석열,1
력,Suffix,임채진,1
력,Suffix,채동욱,1
로,Josa,김수남,7
로,Josa,김종빈,4
로,Josa,김준규,1
로,Josa,김진태,7
로,Josa,문무일,3
로,Josa,윤석열,2
로,Josa,임채진,8
로,Josa,정상명,9
로,Josa,채동욱,6
로,Josa,한상대,5
로,Noun,김진태,2
로,Noun,문무일,1
로,Noun,정상명,3
로는,Josa,김진태,1
로는,Josa,한상대,1
로마,Noun,정상명,1
로부터,Noun,김종빈,1
로부터,Noun,문무일,4
로부터,Noun,임채진,1
로부터,Noun,채동욱,1
로부터,Noun,한상대,1
로서,Noun,김수남,1
로서,Noun,김준규,1
로서,Noun,김진태,1
로서,Noun,윤석열,1
로서,Noun,채동욱,1
로서,Noun,한상대,1
로써,Noun,김종빈,1
로써,Noun,김진태,1
로어,Noun,채동욱,1
로운,Josa,김수남,1
로운,Josa,임채진,1
로운,Josa,정상명,1
로운,Josa,채동욱,2
롭고,Josa,임채진,1
롭고,Josa,정상명,1
롭고,Josa,한상대,1
룩,Suffix,김수남,1
룩,Suffix,김종빈,1
룩,Suffix,정상명,1
를,Josa,김수남,29
를,Josa,김종빈,29
를,Josa,김준규,12
를,Josa,김진태,30
를,Josa,문무일,26
를,Josa,윤석열,13
를,Josa,임채진,23
를,Josa,정상명,24
를,Josa,채동욱,27
를,Josa,한상대,15
를,Noun,김수남,1
를,Noun,김진태,2
를,Noun,정상명,2
를,Noun,채동욱,1
리,Noun,윤석열,1
리더,Noun,채동욱,1
리더십,Noun,윤석열,1
리라,Noun,김준규,1
리라,Noun,문무일,1
립,Noun,김수남,1
마다,Josa,김종빈,1
마다,Noun,김진태,1
마다,Noun,임채진,1
마다,Noun,한상대,1
마땅히,Adjective,한상대,1
마련,Noun,김종빈,1
마련,Noun,한상대,2
마무리,Noun,김준규,1
마무리,Noun,김진태,1
마음,Noun,김수남,1
마음,Noun,김종빈,6
마음,Noun,김준규,5
마음,Noun,김진태,5
마음,Noun,문무일,2
마음,Noun,임채진,2
마음,Noun,채동욱,2
마음,Noun,한상대,2
마음가짐,Noun,김준규,2
마음가짐,Noun,채동욱,1
마음속,Noun,정상명,1
마지막,Noun,김종빈,1
마지막,Noun,문무일,1
마지막,Noun,정상명,2
마지막,Noun,채동욱,1
마지막,Noun,한상대,2
마찬가지,Noun,문무일,1
마치,Noun,김준규,1
막기,Verb,정상명,1
막상,Noun,김수남,1
막아,Verb,김종빈,1
막아내겠습니다,Verb,채동욱,1
막연한,Adjective,정상명,1
막중,Noun,김준규,1
막중,Noun,정상명,1
막중,Noun,채동욱,1
막힌,Verb,김수남,1
막힘,Verb,정상명,2
만,Josa,김수남,2
만,Josa,김진태,1
만,Josa,임채진,1
만,Josa,정상명,2
만,Modifier,채동욱,1
만,Noun,김진태,3
만남,Noun,김수남,1
만드는,Verb,채동욱,1
만들,Verb,한상대,1
만들겠다고,Verb,채동욱,1
만들고,Verb,임채진,1
만들기,Noun,김진태,1
만들기,Noun,문무일,1
만들기,Noun,임채진,1
만들기,Noun,정상명,2
만들어,Verb,김수남,2
만들어,Verb,김준규,2
만들어,Verb,문무일,3
만들어,Verb,임채진,1
만들어,Verb,정상명,1
만들어,Verb,채동욱,1
만들어가야,Verb,김종빈,1
만들어야,Verb,김진태,1
만들어야,Verb,한상대,2
만듭시,Noun,문무일,1
만리장성,Noun,정상명,1
만에,Josa,김진태,1
만으로,Josa,김진태,1
만으로는,Josa,김수남,1
만으로는,Josa,윤석열,1
만을,Josa,김진태,3
만을,Josa,임채진,2
만을,Josa,채동욱,1
만의,Josa,임채진,1
만이,Josa,김수남,1
만이,Josa,문무일,1
만이,Josa,윤석열,1
만이,Josa,채동욱,2
만이,Josa,한상대,1
만전,Noun,김수남,1
만전,Noun,임채진,1
만큼,Josa,채동욱,1
만큼,Noun,윤석열,1
많습니다,Adjective,윤석열,1
많은,Adjective,김수남,3
많은,Adjective,김진태,3
많은,Adjective,문무일,1
많은,Adjective,정상명,1
많은,Adjective,채동욱,1
많이,Adverb,김종빈,1
많지만,Adjective,김수남,1
많지만,Adjective,김진태,1
말,Noun,김수남,3
말,Noun,김종빈,1
말,Noun,임채진,3
말,Noun,채동욱,2
말씀,Noun,김수남,2
말씀,Noun,김준규,1
말씀,Noun,김진태,1
말씀,Noun,윤석열,3
말씀,Noun,임채진,1
말씀,Noun,정상명,4
말씀,Noun,채동욱,1
말씀드리고,Verb,윤석열,1
말씀드리고자,Verb,김진태,1
말씀드리고자,Verb,문무일,1
말씀드리고자,Verb,채동욱,1
말씀드리지만,Verb,윤석열,1
말아야,Verb,채동욱,1
맑게,Adjective,한상대,1
맑고,Adjective,임채진,1
맑은,Noun,김진태,1
맙니,Noun,김종빈,2
맙시,Noun,김진태,1
망,Noun,김수남,1
망설임도,Verb,윤석열,1
망설임도,Verb,채동욱,1
망설임이,Verb,임채진,1
망식,Noun,채동욱,1
망하였습니다,Adjective,정상명,1
맞게,Verb,정상명,1
맞는,Verb,김수남,1
맞는,Verb,정상명,1
맞닿은,Verb,채동욱,1
맞서야,Verb,김진태,1
맞아,Verb,김준규,1
맞아,Verb,채동욱,1
맞아야,Verb,임채진,1
맞이,Noun,한상대,1
맞추고,Verb,김진태,1
맞추어,Verb,김수남,1
맡게,Verb,김준규,1
맡게,Verb,김진태,1
맡게,Verb,윤석열,1
맡게,Verb,임채진,1
맡고,Verb,김수남,1
맡은,Verb,문무일,1
맡은,Verb,윤석열,1
매,Modifier,정상명,1
매,Modifier,채동욱,1
매우,Noun,문무일,1
매일,Noun,정상명,1
매진,Noun,정상명,1
맹,Noun,김수남,1
맺힌,Noun,정상명,1
머물지만,Verb,김수남,1
먹구름,Noun,김준규,1
먹이,Noun,김수남,1
먹이,Noun,정상명,1
먼,Adjective,정상명,1
먼저,Noun,김수남,1
먼저,Noun,김종빈,3
먼저,Noun,김준규,1
먼저,Noun,김진태,1
먼저,Noun,문무일,3
먼저,Noun,정상명,1
멀고,Adjective,김수남,1
멀어,Adjective,김진태,1
멀어지고,Verb,김종빈,1
멀었다,Adjective,임채진,1
멈춰야,Verb,윤석열,1
멍에,Noun,한상대,1
메시지,Noun,김수남,1
며,Josa,김수남,1
며,Josa,윤석열,1
면,Josa,문무일,1
면,Noun,김진태,1
면,Noun,한상대,1
면밀한,Adjective,채동욱,1
면키,Noun,임채진,1
명,Noun,김수남,3
명,Noun,김종빈,2
명,Noun,채동욱,2
명감,Noun,김수남,1
명감,Noun,김종빈,2
명감,Noun,김진태,1
명감,Noun,임채진,1
명감,Noun,채동욱,1
명량해전,Noun,채동욱,1
명령,Noun,채동욱,1
명성,Noun,채동욱,1
명실,Noun,김수남,1
명실,Noun,김진태,1
명실,Noun,한상대,2
명예,Noun,김준규,1
명예,Noun,김진태,3
명예,Noun,정상명,1
명예,Noun,채동욱,2
명예,Noun,한상대,1
명의,Noun,김종빈,2
명의,Noun,채동욱,1
몇,Noun,김수남,1
몇,Noun,김준규,1
몇,Noun,임채진,1
몇,Noun,채동욱,1
몇몇,Noun,채동욱,1
모델,Noun,정상명,1
모두,Noun,김수남,2
모두,Noun,김종빈,6
모두,Noun,김준규,1
모두,Noun,김진태,7
모두,Noun,문무일,2
모두,Noun,윤석열,2
모두,Noun,임채진,4
모두,Noun,정상명,3
모두,Noun,채동욱,2
모두,Noun,한상대,4
모든,Noun,김수남,3
모든,Noun,김준규,1
모든,Noun,김진태,3
모든,Noun,문무일,2
모든,Noun,윤석열,2
모든,Noun,임채진,1
모든,Noun,정상명,2
모든,Noun,채동욱,1
모든,Noun,한상대,3
모릅니다,Verb,정상명,1
모습,Noun,김수남,1
모습,Noun,김종빈,3
모습,Noun,김준규,1
모습,Noun,김진태,2
모습,Noun,문무일,4
모습,Noun,임채진,2
모습,Noun,정상명,1
모습,Noun,채동욱,1
모아,Verb,김준규,1
모아,Verb,김진태,2
모아,Verb,정상명,1
모으고,Verb,김진태,1
모으고,Verb,채동욱,1
모으는,Verb,김진태,1
모읍시다,Verb,김수남,1
모이,Noun,김준규,1
모자라면서,Verb,임채진,1
목,Noun,김준규,1
목민관,Noun,김종빈,1
목민관,Noun,정상명,2
목소리,Noun,김수남,1
목소리,Noun,김종빈,1
목소리,Noun,문무일,3
목적,Noun,윤석열,1
목적,Noun,임채진,1
목표,Noun,김수남,1
목표,Noun,김진태,1
목표,Noun,문무일,1
목표,Noun,임채진,1
몰아,Verb,채동욱,1
몸,Noun,정상명,1
몸,Noun,한상대,1
못,Noun,김수남,2
못,Noun,윤석열,1
못,Noun,임채진,2
못,Noun,정상명,1
못,Noun,채동욱,3
못,VerbPrefix,김수남,1
못,VerbPrefix,김종빈,3
못,VerbPrefix,김준규,1
못,VerbPrefix,김진태,1
못,VerbPrefix,임채진,1
못,VerbPrefix,정상명,2
못,VerbPrefix,채동욱,1
못,VerbPrefix,한상대,2
무,Noun,한상대,1
무거운,Adjective,김수남,1
무거운,Adjective,김진태,1
무거운,Adjective,문무일,1
무거운,Adjective,임채진,1
무거운,Adjective,채동욱,1
무거워져,Adjective,정상명,1
무너,Noun,윤석열,1
무너져,Verb,김수남,1
무너졌습니다,Verb,채동욱,1
무능,Noun,한상대,1
무력,Noun,김진태,1
무분별,Noun,채동욱,1
무서운,Adjective,김종빈,1
무슨,Noun,김진태,1
무엇,Noun,김수남,1
무엇,Noun,김종빈,1
무엇,Noun,김진태,5
무엇,Noun,문무일,2
무엇,Noun,임채진,1
무엇,Noun,정상명,2
무엇,Noun,채동욱,1
무역,Noun,김수남,1
무제한,Noun,윤석열,1
무책임,Noun,한상대,2
무책임한,Adjective,한상대,3
무한,Noun,임채진,1
무한,Noun,한상대,1
묵묵하게,Adjective,문무일,1
묵묵히,Adjective,김수남,1
묵묵히,Adjective,김종빈,1
묵묵히,Adjective,김진태,1
묵묵히,Adjective,윤석열,1
문,Modifier,채동욱,1
문답,Noun,문무일,1
문명,Noun,윤석열,2
문명국,Noun,윤석열,1
문무,Noun,윤석열,1
문제,Noun,김진태,1
문제,Noun,정상명,1
문제해결,Noun,채동욱,1
문화,Noun,김종빈,1
문화,Noun,김준규,3
문화,Noun,김진태,1
문화,Noun,문무일,3
문화,Noun,정상명,2
문화,Noun,채동욱,3
문화,Noun,한상대,3
묻지마,Verb,김수남,1
물,Noun,김진태,1
물,Noun,문무일,1
물,Noun,임채진,2
물,Noun,채동욱,1
물러서는,Verb,한상대,1
물론,Adverb,김진태,1
물론,Adverb,윤석열,1
물론,Adverb,정상명,1
물리,Noun,채동욱,1
물어,Noun,김진태,1
물어,Noun,채동욱,1
물이,Noun,김진태,1
물이,Noun,임채진,1
뭉쳐,Verb,임채진,1
미담,Noun,김종빈,1
미래,Noun,김종빈,4
미래,Noun,임채진,2
미래,Noun,정상명,5
미망,Noun,한상대,1
미소,Noun,김종빈,1
미워하되,Adjective,임채진,1
미워하지,Adjective,임채진,1
미치는,Adjective,김수남,1
미치지,Adjective,김수남,1
미흡,Noun,문무일,1
미흡한,Adjective,채동욱,1
민사,Noun,김수남,1
민생,Noun,김종빈,1
민심,Noun,채동욱,1
민원,Noun,김종빈,1
민원,Noun,한상대,1
민주,Noun,김진태,1
민주,Noun,채동욱,1
민주주의,Noun,김수남,1
민주주의,Noun,김진태,1
민주주의,Noun,윤석열,3
민주주의,Noun,한상대,1
민주화,Noun,김수남,1
믿고,Verb,김준규,1
믿고,Verb,채동욱,1
믿습니다,Verb,김준규,1
믿습니다,Verb,임채진,1
믿습니다,Verb,채동욱,1
믿습니다,Verb,한상대,1
믿음,Noun,채동욱,2
믿음직한,Adjective,채동욱,1
바,Noun,윤석열,1
바꾸어야,Verb,정상명,1
바꾸지,Verb,채동욱,1
바꿉시다,Verb,김준규,1
바꿉시다,Verb,문무일,1
바꿔,Verb,김진태,1
바꿔야,Verb,김준규,1
바꿔야,Verb,한상대,1
바뀌겠습니다,Verb,문무일,1
바뀌고,Verb,김준규,2
바뀌면,Verb,문무일,1
바뀌어도,Verb,정상명,1
바뀌어야,Verb,김준규,3
바뀐다는,Verb,문무일,1
바다,Noun,임채진,1
바다,Noun,채동욱,2
바라,Verb,김준규,1
바라고,Verb,김종빈,1
바라는,Verb,김종빈,2
바라는,Verb,김준규,1
바라는,Verb,김진태,2
바라는,Verb,임채진,1
바라는,Verb,채동욱,1
바라며,Verb,김수남,1
바라보고,Verb,정상명,1
바라보고,Verb,채동욱,1
바라보는,Verb,김준규,1
바라보면서,Verb,김종빈,1
바랄,Verb,김준규,1
바람,Noun,김수남,1
바람,Noun,김준규,1
바랍니다,Verb,김수남,3
바랍니다,Verb,김준규,3
바랍니다,Verb,임채진,4
바랍니다,Verb,정상명,2
바랍니다,Verb,채동욱,1
바로,Noun,김수남,2
바로,Noun,김종빈,2
바로,Noun,김준규,2
바로,Noun,윤석열,1
바로,Noun,정상명,2
바로,Noun,채동욱,3
바로,Noun,한상대,3
바로잡는,Verb,문무일,1
바르게,Noun,김수남,1
바르고,Verb,김진태,1
바르고,Verb,임채진,1
바르고,Verb,채동욱,1
바른,Verb,김수남,1
바른,Verb,김진태,2
바른,Verb,문무일,2
바쳐야,Verb,김진태,1
바친,Verb,정상명,1
바탕,Noun,김진태,1
바탕,Noun,채동욱,1
박수,Noun,한상대,1
밖,Noun,김준규,1
밖,Noun,김진태,1
밖에,Josa,김수남,1
밖에,Josa,임채진,1
밖에,Josa,정상명,1
밖에는,Josa,김준규,1
반,Modifier,김준규,1
반,Modifier,윤석열,2
반갑습니다,Adjective,김진태,1
반대,Noun,김수남,1
반드시,Noun,김진태,2
반드시,Noun,임채진,3
반드시,Noun,정상명,1
반드시,Noun,채동욱,5
반드시,Noun,한상대,1
반듯하고,Adjective,김준규,1
반복,Noun,임채진,1
반석,Noun,문무일,1
반성,Noun,문무일,1
반영,Noun,김진태,2
반영,Noun,채동욱,1
반칙,Noun,김진태,1
반칙,Noun,윤석열,1
받,Verb,김수남,2
받게,Verb,임채진,1
받게,Verb,한상대,1
받겠다는,Verb,문무일,1
받고자,Verb,김종빈,1
받기,Verb,김종빈,1
받기,Verb,김진태,1
받기에,Verb,김수남,1
받는,Verb,임채진,3
받도록,Verb,문무일,1
받도록,Verb,채동욱,1
받아들이는,Verb,문무일,1
받아야,Verb,김준규,1
받은,Verb,윤석열,4
받은,Verb,정상명,1
받은,Verb,채동욱,1
받을,Verb,임채진,1
받지,Verb,윤석열,1
받지,Verb,정상명,1
발,Noun,김수남,1
발,Noun,김진태,1
발견,Noun,김수남,1
발견,Noun,윤석열,1
발돋움,Noun,임채진,1
발본색원,Noun,김수남,1
발본색원,Noun,김진태,1
발자취,Noun,정상명,1
발전,Noun,김수남,6
발전,Noun,김종빈,1
발전,Noun,김준규,1
발전,Noun,김진태,6
발전,Noun,윤석열,1
발톱,Noun,정상명,1
발휘,Noun,한상대,1
밝게,Verb,한상대,1
밝고,Verb,임채진,1
밝은,Verb,김수남,1
밝은,Verb,김종빈,1
밝은,Verb,김준규,1
밝혀,Verb,김진태,1
밝혀내고,Verb,김종빈,1
밝혀내는,Verb,정상명,1
밝히고,Verb,김준규,1
밟는,Verb,임채진,1
방법,Noun,김종빈,1
방법,Noun,김진태,1
방법,Noun,임채진,1
방법,Noun,정상명,1
방법,Noun,채동욱,1
방식,Noun,김진태,1
방식,Noun,문무일,4
방식,Noun,윤석열,1
방식,Noun,채동욱,1
방안,Noun,김수남,2
방안,Noun,정상명,1
방어,Noun,문무일,1
방어,Noun,윤석열,1
방위,Noun,김수남,1
방책,Noun,김종빈,1
방치,Noun,한상대,3
방침,Noun,정상명,1
방파제,Noun,정상명,1
방파제,Noun,채동욱,1
방해,Noun,윤석열,1
방향,Noun,김종빈,2
방향,Noun,김준규,1
방향,Noun,채동욱,2
배려,Noun,김수남,1
배려,Noun,김종빈,3
배려,Noun,김준규,1
배려,Noun,김진태,2
배려,Noun,문무일,1
배려,Noun,채동욱,1
배우며,Verb,김수남,1
배제,Noun,임채진,1
배치,Noun,윤석열,1
백,Modifier,김준규,1
백년,Noun,채동욱,1
백성,Noun,김종빈,1
백성,Noun,정상명,2
백의종군,Noun,채동욱,2
뱃사람,Noun,채동욱,1
버려야,Verb,김종빈,1
버려야,Verb,김준규,1
버려야,Verb,임채진,1
버려지는,Verb,정상명,1
버리고,Verb,임채진,1
버리고,Verb,한상대,1
버리고는,Verb,채동욱,1
버티지,Verb,정상명,1
버팀목,Noun,김진태,1
버팀목,Noun,문무일,1
번,Noun,김종빈,1
번,Noun,윤석열,2
번,Noun,한상대,1
번영,Noun,한상대,3
벌,Noun,김진태,1
벌,Noun,한상대,1
벌금,Noun,김종빈,1
범위,Noun,문무일,1
범위,Noun,윤석열,1
범죄,Noun,김수남,4
범죄,Noun,김종빈,2
범죄,Noun,김준규,6
범죄,Noun,김진태,11
범죄,Noun,문무일,2
범죄,Noun,윤석열,7
범죄,Noun,임채진,2
범죄,Noun,채동욱,3
범죄인,Noun,김진태,1
범죄자,Noun,채동욱,1
법,Noun,김수남,10
법,Noun,김준규,1
법,Noun,김진태,7
법,Noun,윤석열,20
법,Noun,정상명,4
법대,Noun,김수남,1
법률,Noun,김수남,1
법률,Noun,윤석열,1
법률,Noun,임채진,2
법리,Noun,문무일,1
법리,Noun,임채진,1
법불,Noun,김수남,1
법원,Noun,문무일,1
법적,Noun,윤석열,1
법적,Noun,정상명,1
법질서,Noun,김수남,6
법질서,Noun,김준규,1
법질서,Noun,김진태,1
법질서,Noun,문무일,1
법질서,Noun,임채진,1
법질서,Noun,채동욱,2
법치,Noun,김수남,1
법치,Noun,정상명,1
법치,Noun,한상대,1
법칙,Noun,임채진,1
벗어나,Verb,김수남,1
벗어나,Verb,김준규,1
벗어나,Verb,문무일,1
벗어나야,Verb,채동욱,1
벗어나지,Verb,채동욱,1
벗어나지,Verb,한상대,1
벗지,Verb,한상대,1
베풀겠다는,Verb,김준규,1
벽,Noun,김진태,1
벽,Noun,정상명,2
벽돌,Noun,임채진,1
변모,Noun,김준규,1
변신,Noun,정상명,1
변하고자,Adjective,문무일,1
변할,Adjective,정상명,1
변함,Adjective,문무일,1
변호사,Noun,문무일,1
변호인,Noun,김종빈,1
변화,Noun,김수남,3
변화,Noun,김종빈,5
변화,Noun,문무일,3
변화,Noun,임채진,2
변화,Noun,정상명,7
변화,Noun,한상대,1
별빛,Noun,채동욱,1
병리,Noun,김진태,1
병폐,Noun,김준규,1
보고,Noun,김준규,2
보고,Noun,정상명,2
보고,Noun,한상대,1
보내,Verb,김수남,1
보내기,Verb,김종빈,1
보내기도,Verb,임채진,1
보내주실,Verb,김종빈,1
보낼,Verb,정상명,1
보니,Verb,정상명,1
보다,Josa,김수남,1
보다,Josa,김종빈,2
보다,Josa,김진태,2
보다,Josa,문무일,3
보다,Josa,임채진,1
보다,Josa,채동욱,1
보다,Verb,김종빈,1
보다,Verb,김진태,2
보다,Verb,문무일,3
보다,Verb,임채진,1
보다,Verb,채동욱,1
보다는,Josa,김수남,1
보다는,Josa,정상명,1
보다는,Josa,채동욱,1
보다도,Josa,김수남,1
보다도,Josa,정상명,1
보듬어주어야,Verb,채동욱,1
보람,Noun,김종빈,1
보루,Noun,채동욱,1
보며,Verb,채동욱,1
보면,Verb,김수남,1
보면서,Verb,김수남,1
보면서,Verb,임채진,1
보살펴야,Verb,김종빈,1
보살필,Verb,정상명,1
보아,Noun,윤석열,1
보았습니다,Verb,정상명,1
보았을,Verb,김진태,1
보여,Verb,김진태,1
보여,Verb,문무일,1
보여,Verb,임채진,1
보여주는,Verb,김수남,1
보여줍시다,Verb,김진태,2
보이,Noun,김진태,1
보이스피싱,Noun,김수남,1
보이스피싱,Noun,김진태,1
보이지,Noun,김수남,1
보일,Verb,문무일,1
보임,Noun,문무일,1
보장,Noun,김수남,2
보장,Noun,김진태,1
보장,Noun,문무일,1
보장,Noun,임채진,1
보장,Noun,정상명,2
보편,Noun,채동욱,1
보호,Noun,김종빈,1
보호,Noun,김준규,1
보호,Noun,김진태,2
보호,Noun,문무일,1
보호,Noun,윤석열,5
보호,Noun,임채진,1
보호,Noun,정상명,5
보호,Noun,채동욱,2
복무,Noun,김종빈,1
복무,Noun,정상명,1
복역,Noun,김수남,1
복잡해지고,Adjective,김진태,1
복지,Noun,김종빈,1
복지,Noun,김진태,1
본,Modifier,김진태,2
본,Modifier,임채진,1
본다,Verb,김수남,1
본부장,Noun,임채진,1
본연,Noun,김준규,1
본연,Noun,김진태,2
본연,Noun,문무일,2
본연,Noun,임채진,1
본연,Noun,정상명,1
본연,Noun,채동욱,1
본질,Noun,윤석열,4
본질,Noun,정상명,1
본질,Noun,채동욱,1
볼,Noun,김준규,1
봄,Noun,김종빈,1
봅니다,Verb,채동욱,2
봅시다,Verb,문무일,2
봉사,Noun,김종빈,4
봉사,Noun,정상명,5
봉사자,Noun,김종빈,1
봉쇄,Noun,김수남,1
부,Noun,김준규,1
부과,Noun,김수남,2
부끄러움,Noun,김수남,1
부끄러워,Adjective,한상대,1
부녀자,Noun,김종빈,1
부단히,Adjective,정상명,1
부담,Noun,윤석열,1
부당한,Adjective,김수남,1
부당한,Adjective,김종빈,2
부당한,Adjective,문무일,1
부당한,Adjective,임채진,1
부당함과,Adjective,임채진,1
부득이,Noun,김준규,1
부들,Noun,김진태,1
부르겠습니까,Verb,한상대,1
부리,Noun,정상명,3
부상,Noun,한상대,1
부서,Noun,김진태,1
부서,Noun,채동욱,1
부여,Noun,윤석열,4
부응,Noun,김수남,1
부장,Noun,김수남,1
부정,Noun,김수남,2
부정,Noun,문무일,1
부정,Noun,채동욱,1
부정,Noun,한상대,2
부정부패,Noun,김수남,3
부정부패,Noun,김종빈,3
부정부패,Noun,문무일,1
부정부패,Noun,임채진,5
부정부패,Noun,채동욱,1
부정부패,Noun,한상대,4
부족하면서,Adjective,임채진,1
부친다고,Verb,정상명,1
부탁드립니다,Adjective,문무일,1
부터,Josa,김준규,1
부터,Josa,김진태,2
부터,Josa,문무일,5
부터,Josa,윤석열,1
부터,Josa,임채진,1
부터,Josa,채동욱,4
부터,Josa,한상대,1
부패,Noun,김수남,2
부패,Noun,김종빈,2
부패,Noun,김준규,2
부패,Noun,채동욱,2
부패,Noun,한상대,2
부패지수,Noun,채동욱,1
부패지수,Noun,한상대,1
부합,Noun,채동욱,1
부화,Noun,김수남,1
북방,Noun,정상명,1
북한,Noun,한상대,4
분,Noun,김수남,1
분,Noun,김진태,1
분,Noun,문무일,1
분,Noun,정상명,5
분개하고,Adjective,한상대,1
분과,Noun,채동욱,1
분들,Suffix,김진태,1
분들,Suffix,정상명,1
분란,Noun,한상대,1
분명하게,Adjective,채동욱,1
분명한,Adjective,김진태,1
분발,Noun,임채진,1
분발,Noun,정상명,1
분배,Noun,정상명,1
분석,Noun,문무일,1
분수령,Noun,임채진,1
분야,Noun,김진태,1
분야,Noun,윤석열,1
분야,Noun,채동욱,1
분야,Noun,한상대,1
분쟁,Noun,김진태,1
분쟁해결,Noun,김진태,1
분쟁해결,Noun,채동욱,1
불,Noun,김준규,1
불,Noun,김진태,1
불공정,Noun,김수남,1
불교,Noun,김수남,1
불구,Noun,김준규,1
불구속,Noun,김종빈,1
불러,Verb,김수남,1
불만,Noun,임채진,1
불법,Noun,김수남,5
불법,Noun,김진태,4
불법,Noun,윤석열,1
불법,Noun,임채진,1
불법,Noun,채동욱,1
불신,Noun,김수남,1
불씨,Noun,채동욱,1
불안감,Noun,정상명,1
불안하게,Adjective,김진태,1
불어,Noun,김종빈,1
불의,Noun,한상대,1
불타는,Adjective,임채진,1
불퇴전,Noun,한상대,1
불편,Noun,김종빈,1
불편,Noun,문무일,3
불편,Noun,임채진,2
불필요하게,Adjective,문무일,1
불필요한,Adjective,임채진,1
불합리,Noun,임채진,1
불행,Noun,한상대,1
불확실,Noun,정상명,1
붙이,Noun,김수남,1
붙이,Noun,김진태,1
브랜드,Noun,문무일,1
브랜드,Noun,정상명,2
비,Noun,김수남,1
비,Noun,김종빈,1
비,Noun,문무일,1
비,Noun,임채진,1
비난,Noun,임채진,1
비난,Noun,채동욱,1
비례,Noun,윤석열,1
비례,Noun,임채진,1
비로소,Noun,김수남,1
비로소,Noun,김진태,1
비로소,Noun,임채진,1
비로소,Noun,한상대,1
비록,Noun,김종빈,1
비롯,Noun,김진태,3
비롯,Noun,채동욱,2
비리,Noun,김수남,4
비리,Noun,김종빈,1
비리,Noun,김준규,1
비리,Noun,김진태,4
비리,Noun,문무일,3
비리,Noun,채동욱,2
비리는,Adjective,김종빈,1
비리는,Adjective,김준규,1
비상한,Adjective,채동욱,1
비웁시다,Verb,한상대,1
비장한,Adjective,임채진,1
비장한,Adjective,채동욱,1
비전을,Verb,김수남,1
비쳐질,Verb,한상대,1
비추어,Verb,윤석열,1
비추어,Verb,채동욱,1
비춰,Verb,김준규,1
비판,Noun,김진태,1
비판,Noun,임채진,1
비판,Noun,채동욱,1
비해,Verb,채동욱,1
비호,Noun,김수남,1
빈,Noun,정상명,1
빈틈,Noun,윤석열,1
빈틈,Noun,채동욱,3
빌려,Verb,임채진,1
빕니다,Verb,김종빈,1
빛,Noun,김준규,1
빛,Noun,정상명,1
빛과,Noun,임채진,1
빛나는,Verb,김수남,1
빠르게,Adjective,김종빈,1
빠른,Adjective,채동욱,1
빨리,Adverb,임채진,1
빵,Noun,김수남,1
뽑고,Verb,김진태,1
뽑아,Verb,김종빈,1
뽑아내어,Verb,정상명,1
뽑아야,Verb,김준규,1
뽑아야,Verb,한상대,1
뿌리,Noun,김종빈,3
뿌리,Noun,김준규,1
뿌리,Noun,김진태,2
뿌리,Noun,한상대,2
뿌리내리지,Verb,임채진,1
뿐,Noun,문무일,1
뿐,Suffix,김수남,2
뿐,Suffix,김진태,1
뿐,Suffix,임채진,1
뿐입니다,Adjective,김준규,1
뿐입니다,Adjective,한상대,1
사,Modifier,김수남,3
사,Modifier,김종빈,3
사,Modifier,김준규,1
사,Modifier,김진태,2
사,Modifier,문무일,4
사,Modifier,임채진,4
사,Modifier,정상명,6
사,Modifier,채동욱,4
사,Modifier,한상대,5
사건,Noun,김수남,4
사건,Noun,김종빈,3
사건,Noun,김진태,6
사건,Noun,문무일,1
사건,Noun,윤석열,1
사건,Noun,임채진,2
사건,Noun,정상명,1
사건,Noun,채동욱,4
사고방식,Noun,정상명,1
사관,Noun,김수남,1
사관,Noun,김진태,1
사관,Noun,문무일,1
사관,Noun,채동욱,1
사관,Noun,한상대,2
사금융,Noun,김진태,1
사납지,Adjective,김수남,1
사는,Verb,김진태,1
사라지게,Verb,김수남,1
사람,Noun,김수남,3
사람,Noun,김준규,2
사람,Noun,김진태,3
사람,Noun,윤석열,1
사람,Noun,임채진,1
사람,Noun,정상명,3
사람,Noun,채동욱,1
사람,Noun,한상대,3
사랑,Noun,김수남,1
사랑,Noun,김종빈,3
사랑,Noun,김준규,2
사랑,Noun,김진태,1
사랑,Noun,문무일,1
사랑,Noun,임채진,2
사랑,Noun,정상명,2
사랑,Noun,채동욱,3
사랑,Noun,한상대,2
사랑받는,Verb,정상명,1
사랑받는,Verb,한상대,2
사례,Noun,김종빈,1
사를,Verb,김진태,1
사막,Noun,채동욱,1
사명,Noun,김준규,1
사명,Noun,김진태,1
사명,Noun,정상명,2
사명,Noun,채동욱,1
사명,Noun,한상대,1
사방,Noun,정상명,1
사범,Noun,김수남,2
사범,Noun,채동욱,1
사법,Noun,김수남,1
사법,Noun,김종빈,4
사법,Noun,김진태,1
사법,Noun,문무일,3
사법,Noun,윤석열,1
사법,Noun,임채진,2
사법,Noun,정상명,1
사법,Noun,채동욱,2
사생활,Noun,김진태,1
사생활,Noun,채동욱,1
사실,Noun,윤석열,1
사실,Noun,채동욱,1
사실,Noun,한상대,1
사업,Noun,김수남,1
사용,Noun,김종빈,1
사의,Noun,임채진,1
사익,Noun,윤석열,1
사적,Noun,윤석열,1
사정,Noun,김수남,1
사정,Noun,김종빈,1
사정,Noun,김진태,1
사정,Noun,윤석열,1
사정,Noun,채동욱,2
사정,Noun,한상대,3
사제,Noun,김수남,1
사지,Noun,김수남,1
사지,Noun,임채진,1
사태,Noun,김준규,1
사퇴,Noun,김준규,1
사항,Noun,임채진,1
사항,Noun,정상명,1
사회,Noun,김수남,9
사회,Noun,김종빈,5
사회,Noun,김준규,3
사회,Noun,김진태,10
사회,Noun,문무일,2
사회,Noun,윤석열,2
사회,Noun,임채진,1
사회,Noun,정상명,2
사회,Noun,채동욱,2
사회,Noun,한상대,5
산다,Noun,정상명,1
산도,Noun,한상대,1
산림,Noun,채동욱,1
산불,Noun,채동욱,1
산업,Noun,김진태,1
산업화,Noun,김수남,1
산적,Noun,김진태,1
살,Noun,김종빈,2
살,Noun,한상대,1
살고나면,Verb,정상명,1
살리는,Verb,김진태,1
살아가다가,Verb,김준규,1
살아서,Verb,정상명,1
살아있는,Verb,김종빈,1
살인,Noun,김수남,1
살인,Noun,채동욱,1
살펴,Verb,김진태,2
살펴,Verb,문무일,1
살펴도,Verb,문무일,1
살피,Noun,윤석열,2
살필,Verb,채동욱,1
삶,Noun,김종빈,1
삶,Noun,김준규,1
삶,Noun,김진태,1
삶,Noun,채동욱,2
삼고,Noun,김진태,1
삼고,Noun,채동욱,1
삼아,Verb,임채진,1
상,Suffix,김수남,3
상,Suffix,정상명,1
상,Suffix,한상대,1
상급자,Noun,문무일,1
상달,Noun,채동욱,1
상대,Noun,김준규,1
상대,Noun,김진태,1
상대로,Noun,윤석열,1
상대방,Noun,김수남,3
상대방,Noun,문무일,1
상부,Noun,김수남,1
상부,Noun,김진태,1
상부,Noun,한상대,2
상사,Noun,김진태,1
상식,Noun,임채진,1
상응,Noun,김수남,1
상이,Noun,윤석열,1
상징,Noun,채동욱,1
상처,Noun,임채진,1
상필,Noun,한상대,1
상향,Noun,김수남,1
상황,Noun,김종빈,1
상황,Noun,김진태,1
상황,Noun,문무일,1
상황,Noun,채동욱,1
상황,Noun,한상대,1
새,Modifier,정상명,1
새,Noun,김수남,1
새,Noun,김종빈,3
새,Noun,임채진,1
새,Noun,채동욱,1
새겨,Verb,김진태,1
새겨,Verb,문무일,1
새겨야,Verb,정상명,1
새기고,Verb,윤석열,1
새기고,Verb,채동욱,1
새로운,Adjective,김수남,2
새로운,Adjective,김종빈,4
새로운,Adjective,김준규,1
새로운,Adjective,김진태,1
새로운,Adjective,임채진,1
새로운,Adjective,정상명,2
새로운,Adjective,채동욱,2
새로운,Adjective,한상대,1
새로워지지,Adjective,김종빈,1
새로이,Noun,김진태,1
새롭게,Adjective,김수남,1
새롭게,Adjective,김종빈,2
새롭게,Adjective,김준규,1
새롭게,Adjective,김진태,1
새롭게,Adjective,임채진,1
새롭습니다,Adjective,김준규,1
생각,Noun,김수남,9
생각,Noun,김종빈,5
생각,Noun,김준규,4
생각,Noun,김진태,2
생각,Noun,문무일,6
생각,Noun,윤석열,3
생각,Noun,임채진,1
생각,Noun,채동욱,2
생각,Noun,한상대,1
생기,Noun,문무일,1
생기지,Noun,김수남,1
생기지,Noun,채동욱,2
생명,Noun,김종빈,1
생명,Noun,한상대,1
생명체,Noun,한상대,1
생업,Noun,김진태,1
생존,Noun,김종빈,1
생활,Noun,김종빈,1
생활,Noun,김준규,1
생활,Noun,김진태,1
생활,Noun,채동욱,1
생활화,Noun,채동욱,1
서,Josa,김준규,1
서,Josa,채동욱,1
서,Verb,김준규,1
서게,Verb,김준규,1
서고,Noun,정상명,1
서기,Noun,김종빈,1
서는,Verb,김수남,1
서는,Verb,김종빈,2
서는,Verb,김준규,2
서는,Verb,김진태,4
서는,Verb,윤석열,3
서는,Verb,채동욱,3
서니,Verb,김수남,1
서도,Noun,김종빈,1
서도,Noun,김진태,1
서도,Noun,정상명,1
서로,Noun,김수남,1
서로,Noun,김준규,3
서로,Noun,김진태,3
서로,Noun,문무일,2
서로,Noun,정상명,2
서민,Noun,김종빈,1
서민,Noun,김준규,1
서민,Noun,김진태,1
서민,Noun,윤석열,1
서민,Noun,채동욱,1
서비스,Noun,김종빈,1
서비스,Noun,문무일,1
서서,Noun,채동욱,1
서서히,Noun,김수남,1
선거,Noun,김수남,3
선거,Noun,김진태,2
선거,Noun,윤석열,1
선거,Noun,임채진,1
선거운동,Noun,김진태,1
선도,Noun,정상명,1
선동,Noun,김수남,1
선량한,Adjective,김준규,1
선량한,Adjective,윤석열,1
선량한,Adjective,임채진,1
선비,Noun,김진태,1
선사,Noun,윤석열,1
선생,Noun,김종빈,1
선생님,Noun,정상명,1
선입견,Noun,김진태,1
선장,Noun,채동욱,1
선진,Noun,김수남,1
선진,Noun,김종빈,2
선진,Noun,김준규,2
선진,Noun,정상명,1
선진,Noun,한상대,1
선진국,Noun,채동욱,1
선진국,Noun,한상대,1
선택,Noun,김종빈,1
선택,Noun,윤석열,1
선택,Noun,임채진,1
선택,Noun,채동욱,1
선포,Noun,한상대,1
설,Noun,임채진,1
설,Noun,한상대,1
설계,Noun,정상명,1
설계도,Noun,채동욱,1
설득,Noun,김종빈,1
설치,Noun,채동욱,1
섬기고,Verb,김종빈,1
섬기는,Verb,김준규,1
섬길,Verb,김종빈,1
섰습니다,Verb,김종빈,1
섰습니다,Verb,채동욱,1
성,Noun,김종빈,1
성,Suffix,김수남,1
성,Suffix,김종빈,1
성,Suffix,김진태,1
성,Suffix,임채진,1
성,Suffix,정상명,4
성,Suffix,채동욱,2
성,Suffix,한상대,2
성격,Noun,임채진,1
성과,Noun,김수남,1
성과,Noun,김종빈,1
성과,Noun,채동욱,3
성과,Noun,한상대,1
성난,Verb,채동욱,1
성숙,Noun,김진태,1
성역,Noun,김수남,1
성역,Noun,임채진,1
성역,Noun,채동욱,1
성원,Noun,김수남,1
성원,Noun,김종빈,1
성원,Noun,임채진,1
성원,Noun,정상명,1
성의,Noun,한상대,1
성장,Noun,김수남,1
성찰,Noun,김진태,1
성찰,Noun,임채진,1
성찰,Noun,정상명,2
성찰,Noun,채동욱,1
성취,Noun,정상명,1
성폭력,Noun,김진태,1
성폭력,Noun,채동욱,1
세,Modifier,김진태,1
세,Noun,김종빈,1
세,Noun,문무일,1
세계,Noun,김수남,2
세계,Noun,김준규,1
세계,Noun,임채진,2
세계,Noun,정상명,2
세계,Noun,한상대,2
세기,Noun,정상명,1
세력,Noun,김수남,3
세력,Noun,윤석열,2
세력,Noun,한상대,3
세련된,Adjective,김준규,1
세상,Noun,김종빈,1
세상,Noun,김준규,1
세상,Noun,김진태,1
세상,Noun,정상명,1
세상,Noun,한상대,1
세심,Noun,윤석열,1
세우기,Verb,김종빈,1
세우지,Verb,김종빈,1
세울,Verb,채동욱,1
세워야,Verb,김준규,1
세워야,Verb,한상대,1
셋째,Modifier,김수남,1
셋째,Modifier,김종빈,1
셋째,Modifier,임채진,1
셋째,Modifier,정상명,1
셋째,Modifier,채동욱,1
소,Modifier,윤석열,2
소금,Noun,임채진,1
소망,Noun,김종빈,1
소망,Noun,김진태,1
소망,Noun,임채진,2
소명,Noun,김종빈,1
소명,Noun,김진태,1
소명,Noun,한상대,1
소산,Noun,한상대,1
소설,Noun,김진태,1
소신,Noun,김수남,1
소신,Noun,윤석열,1
소신,Noun,임채진,1
소외,Noun,정상명,1
소임,Noun,김수남,1
소임,Noun,김준규,1
소임,Noun,김진태,1
소임,Noun,윤석열,1
소중한,Adjective,김종빈,1
소중한지,Adjective,정상명,1
소중히,Adjective,김준규,1
소중히,Adjective,임채진,1
소통,Noun,김준규,3
소통,Noun,김진태,2
소통,Noun,문무일,1
소통,Noun,채동욱,3
소홀함이,Adjective,김진태,1
소홀해서는,Adjective,채동욱,1
소홀히,Adjective,윤석열,1
소홀히,Adjective,임채진,1
속,Noun,김수남,1
속,Noun,김종빈,2
속,Noun,김진태,1
속,Noun,문무일,2
속,Noun,임채진,5
속,Noun,채동욱,1
속,Noun,한상대,1
속도,Noun,김수남,2
속도,Noun,정상명,1
속성,Noun,임채진,1
속이,Verb,한상대,1
손쉽게,Adjective,정상명,2
손질,Noun,정상명,1
손해,Noun,김수남,1
손해배상,Noun,김수남,1
솔개,Noun,정상명,2
솔선수범,Noun,김진태,1
솔선수범,Noun,문무일,1
솔선수범,Noun,채동욱,1
송광수,Noun,김종빈,1
수,Modifier,김수남,3
수,Modifier,김종빈,1
수,Modifier,김진태,1
수,Modifier,문무일,5
수,Modifier,임채진,3
수,Modifier,정상명,6
수,Modifier,채동욱,5
수,Modifier,한상대,6
수,Noun,김수남,13
수,Noun,김종빈,10
수,Noun,김준규,1
수,Noun,김진태,9
수,Noun,문무일,7
수,Noun,임채진,10
수,Noun,정상명,15
수,Noun,채동욱,17
수,Noun,한상대,4
수단,Noun,김수남,1
수단,Noun,임채진,1
수도,Noun,정상명,1
수렁,Noun,한상대,1
수렴,Noun,정상명,1
수렴,Noun,채동욱,2
수반,Noun,김수남,1
수반,Noun,윤석열,1
수사,Noun,김수남,12
수사,Noun,김종빈,10
수사,Noun,김준규,3
수사,Noun,김진태,9
수사,Noun,문무일,15
수사,Noun,윤석열,4
수사,Noun,임채진,13
수사,Noun,정상명,4
수사,Noun,채동욱,7
수수,Noun,윤석열,1
수위,Noun,김종빈,1
수익,Noun,김진태,1
수인,Noun,윤석열,1
수준,Noun,김수남,1
수준,Noun,김준규,1
수준,Noun,윤석열,1
수준,Noun,채동욱,1
수집,Noun,문무일,1
수치,Noun,한상대,1
수평,Noun,채동욱,1
수행,Noun,김수남,1
수행,Noun,김종빈,1
수행,Noun,김진태,1
수행,Noun,정상명,1
수행,Noun,채동욱,3
수호,Noun,김진태,1
수호,Noun,문무일,1
수호,Noun,윤석열,1
수호,Noun,정상명,3
수호,Noun,채동욱,2
수호,Noun,한상대,2
숙고,Noun,김준규,1
숙여,Verb,김수남,1
순간,Noun,김종빈,1
순간,Noun,채동욱,2
순리,Noun,임채진,1
순위,Noun,임채진,1
숨김,Verb,김종빈,1
숨쉬고,Verb,정상명,1
숨쉬는,Verb,김종빈,1
쉽게,Verb,김종빈,1
쉽지,Verb,김종빈,1
스러운,Josa,채동욱,1
스러운,Josa,한상대,1
스럽게,Josa,김수남,1
스럽게,Josa,윤석열,1
스스로,Noun,김종빈,4
스스로,Noun,김준규,1
스스로,Noun,김진태,2
스스로,Noun,임채진,1
스스로,Noun,정상명,2
슬픔,Noun,정상명,1
습관,Noun,정상명,1
승복,Noun,김종빈,1
승복,Noun,임채진,1
시,Modifier,김수남,1
시,Modifier,김종빈,1
시,Modifier,임채진,1
시,Modifier,한상대,1
시,Noun,김준규,1
시각,Noun,정상명,1
시간,Noun,문무일,1
시간,Noun,정상명,1
시기,Noun,김수남,1
시기,Noun,김준규,1
시기,Noun,임채진,4
시기,Noun,정상명,3
시기,Noun,채동욱,1
시대,Noun,김수남,1
시대,Noun,김종빈,2
시대,Noun,김진태,1
시대,Noun,정상명,2
시대,Noun,채동욱,1
시대,Noun,한상대,3
시도,Noun,김수남,1
시도,Noun,김진태,1
시도,Noun,윤석열,1
시련,Noun,김진태,1
시련,Noun,정상명,1
시련,Noun,채동욱,1
시련,Noun,한상대,1
시민,Noun,김종빈,1
시민,Noun,김준규,1
시민,Noun,김진태,1
시민,Noun,채동욱,2
시비,Noun,김수남,1
시비,Noun,김진태,1
시선,Noun,김준규,1
시스템,Noun,김수남,3
시스템,Noun,김종빈,2
시스템,Noun,김진태,2
시스템,Noun,임채진,1
시스템,Noun,정상명,4
시스템,Noun,채동욱,1
시위,Noun,김수남,5
시작,Noun,김수남,1
시작,Noun,김종빈,1
시작,Noun,정상명,1
시작,Noun,채동욱,1
시장,Noun,윤석열,2
시장,Noun,채동욱,1
시장경제,Noun,윤석열,3
시정,Noun,윤석열,1
시켜,Verb,김수남,1
시켜,Verb,문무일,1
시켜,Verb,임채진,2
시켜,Verb,채동욱,1
시켜야,Verb,김수남,1
시켜야,Verb,윤석열,1
시키겠다는,Verb,김진태,1
시키고,Verb,김수남,1
시키는,Verb,김종빈,1
시키는,Verb,윤석열,1
시키도록,Verb,임채진,1
시키듯이,Verb,김수남,1
시키려는,Verb,김진태,1
시키며,Verb,김수남,1
시행,Noun,김수남,1
시행,Noun,임채진,1
시행,Noun,정상명,1
시행,Noun,채동욱,1
시험대,Noun,임채진,1
식,Suffix,김진태,1
식,Suffix,문무일,1
식,Suffix,정상명,1
식견,Noun,김수남,1
식었지만,Verb,채동욱,1
신,Modifier,김준규,1
신,Modifier,정상명,1
신,Modifier,한상대,1
신념,Noun,정상명,1
신뢰,Noun,김수남,3
신뢰,Noun,김종빈,5
신뢰,Noun,김진태,3
신뢰,Noun,문무일,4
신뢰,Noun,임채진,4
신뢰,Noun,정상명,1
신뢰,Noun,채동욱,1
신뢰,Noun,한상대,2
신명,Noun,김진태,1
신병,Noun,김수남,1
신분,Noun,김수남,1
신분,Noun,김준규,1
신속하게,Adjective,김수남,1
신속하게,Adjective,문무일,1
신속하고,Adjective,임채진,1
신속한,Adjective,김진태,1
신속한,Adjective,채동욱,1
신속히,Adjective,문무일,1
실,Noun,채동욱,1
실력,Noun,김수남,2
실력,Noun,김진태,2
실무,Noun,채동욱,1
실수,Noun,채동욱,1
실시,Noun,김종빈,1
실제,Noun,김종빈,1
실질,Noun,김진태,1
실질,Noun,정상명,3
실천,Noun,윤석열,1
실천,Noun,정상명,1
실체,Noun,김수남,2
실체,Noun,김진태,1
실체,Noun,윤석열,1
실체,Noun,정상명,1
실체,Noun,채동욱,1
실현,Noun,김종빈,2
실현,Noun,김진태,1
실현,Noun,임채진,1
실현,Noun,정상명,2
실효,Noun,채동욱,1
싫어합니다,Adjective,정상명,1
심경,Noun,채동욱,2
심도,Verb,채동욱,1
심사숙고,Noun,김종빈,1
심의,Noun,채동욱,2
심정,Noun,정상명,1
심정,Noun,채동욱,1
심층,Noun,김진태,1
심판,Noun,임채진,1
심하고,Adjective,김수남,2
심하여,Adjective,김수남,1
심하여,Adjective,채동욱,1
심화,Noun,한상대,1
싶습니다,Verb,윤석열,2
싸움,Noun,정상명,1
싸움,Noun,한상대,1
싸워,Verb,김준규,1
싸워야,Verb,한상대,2
쌓아,Verb,김진태,1
쌓아,Verb,임채진,1
쌓아,Verb,채동욱,1
쌓아야,Verb,문무일,1
쌓았으나,Verb,정상명,1
쌓이고,Verb,한상대,1
써,Verb,정상명,1
쓰여,Verb,윤석열,1
쓰여야,Verb,윤석열,1
쓸데없는,Adjective,김준규,1
씩,Suffix,문무일,1
씩,Suffix,정상명,1
아,Josa,정상명,1
아귀,Noun,김수남,1
아끼지,Verb,임채진,1
아날로그,Noun,정상명,1
아는,Verb,김수남,1
아는,Verb,임채진,1
아는,Verb,한상대,1
아니,Adjective,김종빈,1
아니,Adjective,김진태,1
아니,Adjective,임채진,1
아니다,Adjective,정상명,1
아니라,Adjective,김수남,2
아니라,Adjective,김종빈,2
아니라,Adjective,김진태,2
아니라,Adjective,문무일,1
아니라,Adjective,윤석열,1
아니라,Adjective,임채진,2
아니라,Adjective,정상명,1
아니라,Adjective,한상대,3
아니며,Adjective,김진태,1
아닌,Adjective,김준규,1
아닌,Adjective,김진태,2
아닌,Adjective,정상명,1
아닌,Adjective,채동욱,2
아닌,Adjective,한상대,2
아닙니다,Adjective,김종빈,1
아닙니다,Adjective,윤석열,1
아닙니다,Adjective,정상명,1
아닙니다,Adjective,채동욱,1
아닙니다,Adjective,한상대,1
아동,Noun,윤석열,1
아래,Noun,김종빈,1
아래,Noun,임채진,1
아름다운,Adjective,임채진,1
아무,Noun,정상명,1
아무런,Adjective,임채진,1
아무리,Adverb,임채진,2
아부,Noun,김수남,1
아시다시피,Verb,문무일,1
아시아,Noun,한상대,1
아울러,Verb,김수남,1
아울러,Verb,김진태,2
아울러,Verb,윤석열,1
아울러,Verb,채동욱,1
아직,Adverb,임채진,1
아직,Adverb,채동욱,1
아직도,Adverb,김수남,1
아직도,Adverb,김종빈,1
아직도,Adverb,김준규,1
아직도,Adverb,정상명,1
아직도,Adverb,한상대,2
아픈,Adjective,채동욱,1
아픔,Noun,김종빈,2
아픔,Noun,임채진,1
악순환,Noun,김수남,1
악용,Noun,윤석열,1
안,Noun,김준규,1
안,Noun,윤석열,3
안,Noun,채동욱,10
안,Noun,한상대,2
안고,Noun,김종빈,1
안녕,Noun,김진태,1
안녕,Noun,채동욱,1
안되고,Adjective,정상명,1
안됩니다,Adjective,임채진,1
안보,Noun,김진태,1
안심,Noun,문무일,1
안위,Noun,김진태,1
안일,Noun,김종빈,1
안전,Noun,김진태,1
안전,Noun,문무일,1
안전,Noun,임채진,1
안전한,Adjective,채동욱,1
안정,Noun,김수남,1
안정,Noun,채동욱,2
안주,Noun,정상명,1
안팎,Noun,김진태,1
않게,Verb,문무일,1
않겠습니다,Verb,임채진,2
않고,Verb,김수남,2
않고,Verb,김진태,3
않고,Verb,문무일,1
않고,Verb,윤석열,1
않고,Verb,정상명,1
않고,Verb,채동욱,2
않고,Verb,한상대,1
않고서는,Verb,한상대,1
않는,Verb,문무일,2
않는,Verb,임채진,1
않는,Verb,한상대,1
않는다,Verb,김수남,1
않는다,Verb,채동욱,1
않는다고,Verb,김수남,1
않는다고,Verb,한상대,1
않는다면,Verb,김수남,1
않는다면,Verb,한상대,2
않도록,Verb,김수남,1
않도록,Verb,문무일,2
않도록,Verb,윤석열,1
않도록,Verb,임채진,1
않도록,Verb,정상명,1
않도록,Verb,채동욱,2
않습니다,Verb,김수남,2
않습니다,Verb,윤석열,1
않습니다,Verb,채동욱,1
않습니다만,Verb,김진태,1
않아야,Verb,김수남,2
않아야,Verb,김준규,1
않아야,Verb,채동욱,1
않았습니다,Verb,김준규,1
않으며,Verb,한상대,1
않으면,Verb,김수남,1
않으면,Verb,김종빈,1
않으면,Verb,정상명,1
않으면,Verb,채동욱,2
않은,Verb,임채진,1
않은,Verb,정상명,1
않은지,Verb,김종빈,1
않을,Verb,김종빈,1
않을,Verb,김준규,1
않을,Verb,임채진,1
않을,Verb,정상명,1
않지만,Verb,김수남,1
알,Noun,김수남,1
알리는,Verb,김준규,1
알면서도,Verb,한상대,1
압도,Noun,한상대,1
압력,Noun,김종빈,2
압력,Noun,채동욱,1
앞,Noun,김준규,5
앞,Noun,김진태,3
앞,Noun,임채진,2
앞,Noun,채동욱,2
앞둔,Verb,채동욱,1
앞서,Noun,김종빈,1
앞서가는,Verb,김종빈,1
앞서는,Verb,정상명,1
앞서며,Verb,문무일,1
앞섭니다,Verb,김진태,1
앞섭니다,Verb,임채진,1
앞장서야,Verb,김수남,1
애썼습니다,Verb,김종빈,1
야,Josa,김수남,3
야,Josa,김진태,4
야,Josa,윤석열,2
야,Josa,임채진,3
야,Josa,채동욱,1
야,Josa,한상대,1
야만,Noun,임채진,1
약속,Noun,윤석열,1
약속,Noun,정상명,1
약속,Noun,채동욱,1
약자,Noun,김종빈,2
약자,Noun,김진태,1
약자,Noun,문무일,1
약자,Noun,윤석열,1
약자,Noun,정상명,1
약자,Noun,채동욱,1
약하고,Adjective,임채진,1
약하면,Adjective,김수남,1
약한,Adjective,김수남,2
약한,Adjective,임채진,1
약한,Adjective,정상명,1
약화,Noun,김수남,1
약화,Noun,임채진,1
양보,Noun,채동욱,1
양상,Noun,김진태,2
양질,Noun,문무일,1
양하,Noun,김종빈,1
양해,Noun,김수남,1
어,Suffix,윤석열,1
어깨,Noun,임채진,1
어느,Adverb,김수남,1
어느,Adverb,김종빈,2
어느,Adverb,김진태,2
어느,Adverb,문무일,3
어느,Adverb,윤석열,1
어느,Adverb,임채진,1
어느,Adverb,정상명,1
어둠,Noun,김준규,1
어둡고,Adjective,임채진,1
어디,Noun,윤석열,1
어떠한,Adjective,김수남,2
어떠한,Adjective,김진태,5
어떠한,Adjective,문무일,1
어떠한,Adjective,임채진,1
어떠한,Adjective,정상명,3
어떠한,Adjective,채동욱,5
어떠한,Adjective,한상대,1
어떤,Adjective,김수남,1
어떤,Adjective,김진태,1
어떤,Adjective,문무일,1
어떤,Adjective,윤석열,1
어떤,Adjective,임채진,5
어떤,Adjective,채동욱,3
어떻게,Adjective,김종빈,1
어떻게,Adjective,김준규,1
어떻게,Adjective,김진태,1
어떻게,Adjective,정상명,2
어려운,Adjective,김수남,1
어려운,Adjective,김진태,1
어려운,Adjective,문무일,1
어려운,Adjective,윤석열,1
어려운,Adjective,임채진,2
어려운,Adjective,정상명,1
어려울,Verb,윤석열,1
어려울수록,Verb,채동욱,1
어려움,Noun,김수남,1
어려움,Noun,김종빈,2
어려움,Noun,김진태,2
어려움,Noun,임채진,2
어려움,Noun,정상명,1
어려움,Noun,채동욱,1
어려움,Noun,한상대,1
어렵게,Adjective,김종빈,1
어렵게,Adjective,채동욱,1
어렵고,Adjective,김수남,1
어렵다는,Adjective,임채진,1
어렵습니다,Adjective,김진태,1
어제,Noun,김수남,1
억울한,Adjective,한상대,1
억울함을,Adjective,김종빈,1
억울함을,Adjective,김진태,1
억울함을,Adjective,문무일,1
억지,Noun,임채진,1
언론,Noun,한상대,1
언제나,Adverb,채동욱,2
얻기,Verb,임채진,1
얻어,Verb,김종빈,1
얻은,Verb,김진태,1
얻을,Verb,김종빈,3
얻을,Verb,김진태,1
얻을,Verb,한상대,1
얼굴,Noun,김수남,1
얼마,Noun,김종빈,1
얼마,Noun,임채진,1
얼마나,Noun,정상명,1
엄격하게,Adjective,채동욱,1
엄격하고,Adjective,김준규,1
엄격하지만,Adjective,김준규,1
엄격한,Adjective,임채진,1
엄두,Noun,채동욱,1
엄정하게,Adjective,김종빈,1
엄정하게,Adjective,김진태,2
엄정하게,Adjective,문무일,1
엄정하게,Adjective,정상명,1
엄정하고,Adjective,김수남,1
엄정하고,Adjective,김준규,1
엄정하고,Adjective,정상명,1
엄정하되,Adjective,문무일,1
엄정하며,Adjective,김수남,1
엄정한,Adjective,김종빈,2
엄정히,Adjective,김종빈,1
엄중하게,Adjective,문무일,1
엄중한,Adjective,김진태,1
엄중히,Adjective,채동욱,1
업무,Noun,김수남,2
업무,Noun,김진태,2
업무,Noun,문무일,2
업무,Noun,윤석열,2
업무,Noun,임채진,2
업무,Noun,정상명,1
업무,Noun,채동욱,5
없건,Adjective,김준규,1
없고,Adjective,김수남,2
없고,Adjective,채동욱,2
없는,Adjective,김종빈,1
없는,Adjective,임채진,4
없는,Adjective,정상명,3
없는,Adjective,채동욱,1
없는지,Adjective,문무일,1
없다,Adjective,김수남,1
없다,Adjective,김진태,1
없다,Adjective,임채진,1
없다는,Adjective,임채진,1
없다는,Adjective,채동욱,1
없다면,Adjective,김수남,1
없도록,Adjective,김수남,1
없도록,Adjective,김진태,1
없도록,Adjective,임채진,1
없듯이,Adjective,채동욱,1
없습니다,Adjective,김수남,4
없습니다,Adjective,김종빈,1
없습니다,Adjective,김준규,1
없습니다,Adjective,임채진,2
없습니다,Adjective,정상명,3
없습니다,Adjective,채동욱,1
없습니다,Adjective,한상대,3
없어야,Adjective,김수남,1
없어야,Adjective,김준규,1
없어야,Adjective,김진태,1
없어야,Adjective,윤석열,1
없어져야,Verb,김준규,1
없어져야,Verb,임채진,1
없었던,Adjective,김진태,1
없으면,Adjective,임채진,1
없을,Adjective,임채진,2
없이,Adverb,김수남,1
없이,Adverb,김종빈,1
없이,Adverb,김준규,2
없이,Adverb,김진태,3
없이,Adverb,문무일,1
없이,Adverb,윤석열,2
없이,Adverb,임채진,1
없이,Adverb,정상명,5
없이,Adverb,채동욱,3
에,Foreign,윤석열,1
에,Josa,김수남,40
에,Josa,김종빈,14
에,Josa,김준규,10
에,Josa,김진태,25
에,Josa,문무일,14
에,Josa,윤석열,26
에,Josa,임채진,23
에,Josa,정상명,21
에,Josa,채동욱,40
에,Josa,한상대,11
에게,Josa,김수남,6
에게,Josa,김종빈,3
에게,Josa,김준규,1
에게,Josa,김진태,2
에게,Josa,문무일,4
에게,Josa,윤석열,4
에게,Josa,임채진,3
에게,Josa,정상명,5
에게,Josa,채동욱,1
에게,Josa,한상대,1
에게는,Josa,김수남,1
에게는,Josa,김진태,1
에게도,Josa,문무일,1
에너지,Noun,한상대,1
에는,Foreign,김수남,1
에는,Josa,김수남,2
에는,Josa,김진태,2
에는,Josa,문무일,1
에도,Foreign,김수남,1
에도,Josa,김수남,1
에도,Josa,김종빈,1
에도,Josa,김준규,1
에도,Josa,김진태,3
에도,Josa,문무일,4
에도,Josa,윤석열,1
에도,Josa,임채진,1
에도,Josa,정상명,1
에도,Josa,채동욱,2
에도,Josa,한상대,2
에만,Josa,김진태,2
에서,Josa,김수남,7
에서,Josa,김종빈,6
에서,Josa,김준규,2
에서,Josa,김진태,6
에서,Josa,문무일,4
에서,Josa,윤석열,6
에서,Josa,임채진,8
에서,Josa,정상명,3
에서,Josa,채동욱,14
에서,Josa,한상대,5
에서는,Josa,김준규,1
에서는,Josa,한상대,1
에서도,Josa,김수남,1
에서도,Josa,김진태,1
에서도,Josa,문무일,2
에서도,Josa,윤석열,1
에서도,Josa,채동욱,2
에서만,Josa,윤석열,1
에서만,Josa,채동욱,1
에서부터,Josa,김진태,2
에서부터,Josa,문무일,1
여,Josa,김종빈,1
여,Josa,김진태,2
여,Josa,문무일,4
여,Josa,임채진,1
여,Josa,채동욱,2
여,Josa,한상대,1
여,Modifier,김수남,2
여,Noun,한상대,1
여간,Noun,정상명,1
여건,Noun,김수남,1
여건,Noun,김진태,2
여건,Noun,문무일,1
여건,Noun,윤석열,1
여건,Noun,임채진,1
여기,Noun,임채진,1
여기,Noun,채동욱,1
여러분,Noun,김수남,9
여러분,Noun,김종빈,5
여러분,Noun,김준규,5
여러분,Noun,김진태,10
여러분,Noun,문무일,6
여러분,Noun,윤석열,8
여러분,Noun,임채진,10
여러분,Noun,정상명,11
여러분,Noun,채동욱,10
여러분,Noun,한상대,6
여론,Noun,채동욱,1
여성,Noun,윤석열,1
여실히,Noun,한상대,1
여야,Noun,한상대,1
여전히,Adjective,채동욱,1
여정,Noun,한상대,1
여행자,Noun,채동욱,1
역량,Noun,김수남,5
역량,Noun,김종빈,2
역량,Noun,김진태,3
역량,Noun,윤석열,2
역량,Noun,임채진,2
역량,Noun,정상명,1
역량,Noun,채동욱,1
역량,Noun,한상대,4
역사,Noun,김종빈,1
역사,Noun,임채진,2
역사,Noun,한상대,1
역설,Noun,김종빈,1
역시,Noun,윤석열,1
역시,Noun,채동욱,1
역지,Adjective,김수남,1
역지,Adjective,임채진,1
역지사,Adjective,김진태,1
역할,Noun,김수남,3
역할,Noun,김종빈,2
역할,Noun,김준규,1
역할,Noun,김진태,1
역할,Noun,임채진,1
역할,Noun,정상명,2
역할,Noun,채동욱,1
역할,Noun,한상대,1
연,Modifier,김준규,1
연,Modifier,정상명,1
연,Noun,채동욱,1
연결,Noun,정상명,1
연구,Noun,김수남,1
연구,Noun,김진태,1
연구,Noun,임채진,1
연구,Noun,정상명,3
연금술사,Noun,김진태,1
연수,Noun,임채진,1
연연해서,Adjective,임채진,1
열,Noun,김종빈,1
열고,Verb,김종빈,1
열고,Verb,문무일,1
열고,Verb,한상대,1
열린,Verb,김수남,1
열린,Verb,김준규,1
열린,Verb,문무일,2
열린,Verb,임채진,1
열망,Noun,김종빈,1
열심히,Adverb,김준규,1
열심히,Adverb,문무일,1
열악한,Adjective,임채진,1
열어,Verb,문무일,1
열어,Verb,정상명,1
열어가야,Verb,한상대,1
열어야,Verb,문무일,1
열어야,Verb,한상대,1
열정,Noun,김진태,1
열정,Noun,문무일,1
열정,Noun,임채진,1
열정,Noun,채동욱,1
열정,Noun,한상대,1
염원,Noun,임채진,2
염원,Noun,정상명,1
영,Modifier,정상명,1
영광,Noun,김진태,1
영광,Noun,윤석열,1
영광,Noun,임채진,1
영광,Noun,정상명,1
영광,Noun,채동욱,1
영광,Noun,한상대,2
영명,Noun,김수남,1
영역,Noun,김수남,1
영역,Noun,윤석열,1
영향,Noun,정상명,1
영혼,Noun,한상대,1
예,Modifier,김진태,1
예리한,Adjective,윤석열,1
예방,Noun,채동욱,1
예외,Noun,한상대,1
예정,Noun,김수남,1
예측,Noun,채동욱,1
오늘,Noun,김종빈,2
오늘,Noun,김준규,1
오늘,Noun,윤석열,2
오늘,Noun,임채진,1
오늘,Noun,정상명,1
오늘,Noun,한상대,1
오늘날,Noun,김종빈,1
오랑캐,Noun,정상명,1
오래,Adverb,한상대,1
오로지,Adverb,문무일,1
오로지,Adverb,윤석열,1
오로지,Adverb,임채진,1
오로지,Adverb,정상명,1
오류,Noun,윤석열,1
오류,Noun,한상대,1
오만,Noun,한상대,3
오만하게,Adjective,한상대,1
오만하지,Adjective,한상대,1
오만한,Adjective,한상대,1
오만함과,Adjective,채동욱,1
오만함을,Adjective,한상대,1
오신,Noun,임채진,1
오욕,Noun,채동욱,1
오직,Noun,김준규,1
오직,Noun,김진태,1
오직,Noun,임채진,2
오직,Noun,채동욱,1
온,Noun,김준규,1
온,Noun,김진태,1
온,Noun,문무일,1
온,Noun,윤석열,1
온,Noun,채동욱,2
온상,Noun,한상대,1
온전히,Verb,김진태,1
온정,Noun,한상대,1
올,Verb,김수남,1
올라가,Verb,정상명,1
올립니다,Verb,임채진,1
올바르게,Adjective,정상명,1
올바른,Adjective,문무일,1
올바른,Adjective,정상명,1
옳다는,Adjective,김수남,1
옹호,Noun,임채진,1
와,Josa,김수남,2
와,Josa,김종빈,13
와,Josa,김준규,5
와,Josa,김진태,15
와,Josa,문무일,8
와,Josa,윤석열,13
와,Josa,임채진,11
와,Josa,정상명,5
와,Josa,채동욱,11
와,Josa,한상대,7
와,Verb,김진태,1
와도,Josa,임채진,1
와의,Josa,김수남,1
와의,Josa,한상대,1
완수,Noun,문무일,1
완수,Noun,임채진,1
완수,Noun,한상대,1
왔다고,Verb,김준규,1
왔다고,Verb,채동욱,1
왔습니다,Verb,김종빈,1
왔습니다,Verb,윤석열,1
왔지만,Verb,김진태,1
왜곡,Noun,정상명,2
왜곡,Noun,채동욱,1
왜냐하면,Adverb,정상명,1
외국,Noun,임채진,2
외국인,Noun,김종빈,1
외면,Noun,임채진,2
외면,Noun,한상대,1
외면하거나,Verb,한상대,1
외부,Noun,김종빈,1
외부,Noun,김진태,1
외부,Noun,문무일,1
외부,Noun,정상명,1
외부,Noun,채동욱,2
외부,Noun,한상대,1
외압,Noun,임채진,1
외적,Noun,한상대,1
외적인,Noun,김수남,1
외치,Noun,정상명,1
외풍,Noun,임채진,2
요건,Noun,김종빈,1
요구,Noun,김수남,1
요구,Noun,김종빈,2
요구,Noun,문무일,1
요구,Noun,윤석열,2
요구,Noun,채동욱,1
요원해,Adjective,한상대,1
용기,Noun,윤석열,1
용기,Noun,채동욱,1
용의,Noun,윤석열,1
용인,Noun,김수남,1
용인,Noun,한상대,1
용퇴,Noun,정상명,1
용하는,Adjective,윤석열,1
우,Adverb,임채진,1
우기거나,Verb,한상대,1
우대,Noun,채동욱,1
우려,Noun,채동욱,1
우롱,Noun,임채진,1
우리,Noun,김수남,13
우리,Noun,김종빈,14
우리,Noun,김준규,14
우리,Noun,김진태,7
우리,Noun,문무일,16
우리,Noun,윤석열,7
우리,Noun,임채진,9
우리,Noun,정상명,11
우리,Noun,채동욱,10
우리,Noun,한상대,20
우리나라,Noun,김준규,1
우리나라,Noun,윤석열,1
우리나라,Noun,한상대,1
우선,Noun,김종빈,1
우선,Noun,김진태,1
우선,Noun,윤석열,3
우선,Noun,임채진,1
우수,Noun,정상명,2
우수,Noun,한상대,2
우수한,Adjective,정상명,1
우월,Noun,윤석열,1
우월함이,Adjective,한상대,1
우주,Noun,김진태,1
운영,Noun,김진태,1
울타리,Noun,정상명,1
워,Noun,김진태,1
원,Modifier,김수남,1
원동력,Noun,윤석열,1
원래,Noun,정상명,1
원리,Noun,임채진,2
원점,Noun,문무일,1
원칙,Noun,김수남,6
원칙,Noun,김진태,1
원칙,Noun,문무일,2
원칙,Noun,윤석열,1
원칙,Noun,임채진,3
원칙,Noun,정상명,1
원칙,Noun,채동욱,5
원칙,Noun,한상대,1
원하기,Adjective,정상명,1
원하는,Adjective,채동욱,3
원한다면,Adjective,김진태,1
원합니다,Adjective,김종빈,1
위,Noun,김수남,4
위,Noun,김종빈,5
위,Noun,문무일,1
위,Noun,윤석열,3
위,Noun,임채진,3
위,Noun,정상명,9
위,Noun,채동욱,3
위,Noun,한상대,1
위계,Noun,채동욱,1
위기,Noun,김수남,1
위기,Noun,채동욱,5
위기,Noun,한상대,1
위대한,Adjective,김진태,1
위로,Noun,한상대,1
위문,Noun,김수남,1
위반,Noun,김진태,1
위법,Noun,김수남,2
위상,Noun,김수남,1
위상,Noun,채동욱,1
위선,Noun,한상대,2
위엄,Noun,김수남,1
위원,Noun,채동욱,1
위원회,Noun,김진태,1
위원회,Noun,채동욱,6
위임,Noun,정상명,2
위임,Noun,채동욱,2
위주,Noun,김종빈,1
위축,Noun,윤석열,1
위치,Noun,김수남,1
위치,Noun,김준규,1
위치,Noun,김진태,1
위치,Noun,채동욱,1
위해,Noun,김수남,1
위해,Noun,김종빈,10
위해,Noun,김준규,1
위해,Noun,김진태,3
위해,Noun,윤석열,2
위해,Noun,임채진,7
위해,Noun,정상명,14
위해,Noun,채동욱,6
위해,Noun,한상대,4
위험,Noun,김종빈,1
위협,Noun,김수남,1
위협,Noun,김진태,2
위협,Noun,채동욱,1
윗,Modifier,김진태,1
유관,Noun,임채진,1
유기,Noun,한상대,1
유념,Noun,김수남,1
유능하고,Adjective,한상대,1
유약한,Adjective,임채진,1
유연한,Adjective,문무일,1
유일한,Adjective,임채진,1
유일한,Adjective,채동욱,1
유지,Noun,정상명,2
유착,Noun,한상대,1
유출,Noun,임채진,1
유출,Noun,채동욱,2
유출,Noun,한상대,1
유혹,Noun,채동욱,2
윤리,Noun,정상명,1
윤리,Noun,채동욱,1
으로,Josa,김수남,7
으로,Josa,김종빈,6
으로,Josa,김준규,10
으로,Josa,김진태,12
으로,Josa,문무일,12
으로,Josa,윤석열,11
으로,Josa,임채진,8
으로,Josa,정상명,15
으로,Josa,채동욱,15
으로,Josa,한상대,5
으로는,Josa,김종빈,1
으로는,Josa,김진태,2
으로는,Josa,정상명,1
으로는,Josa,한상대,1
으로도,Josa,문무일,1
으로만,Josa,윤석열,1
으로부터,Josa,윤석열,7
으로부터,Josa,정상명,3
으로부터,Josa,한상대,3
으로서,Josa,김종빈,1
으로서,Josa,김준규,1
으로서,Josa,김진태,4
으로서,Josa,윤석열,2
으로서,Josa,채동욱,1
으로서,Josa,한상대,2
으로서는,Josa,김수남,1
으로써,Josa,문무일,1
으로의,Josa,김준규,1
은,Josa,김수남,17
은,Josa,김종빈,14
은,Josa,김준규,3
은,Josa,김진태,17
은,Josa,문무일,2
은,Josa,윤석열,12
은,Josa,임채진,12
은,Josa,정상명,14
은,Josa,채동욱,12
은,Josa,한상대,13
은,Noun,김수남,1
은,Noun,정상명,1
을,Foreign,김수남,1
을,Foreign,정상명,3
을,Josa,김수남,62
을,Josa,김종빈,58
을,Josa,김준규,27
을,Josa,김진태,69
을,Josa,문무일,29
을,Josa,윤석열,28
을,Josa,임채진,63
을,Josa,정상명,85
을,Josa,채동욱,59
을,Josa,한상대,52
음,Noun,김수남,2
응징,Noun,한상대,1
의,Josa,김수남,43
의,Josa,김종빈,51
의,Josa,김준규,21
의,Josa,김진태,70
의,Josa,문무일,33
의,Josa,윤석열,34
의,Josa,임채진,54
의,Josa,정상명,55
의,Josa,채동욱,63
의,Josa,한상대,46
의,Noun,김종빈,1
의,Noun,김진태,1
의,Noun,임채진,1
의,Noun,채동욱,3
의견,Noun,김수남,1
의견,Noun,문무일,4
의견,Noun,정상명,2
의견,Noun,채동욱,4
의구,Noun,채동욱,1
의무,Noun,정상명,1
의문,Noun,문무일,2
의미,Noun,김수남,2
의미,Noun,김준규,1
의미,Noun,임채진,1
의사,Noun,김진태,1
의사결정,Noun,김수남,1
의사결정,Noun,문무일,1
의사결정,Noun,채동욱,1
의사소통,Noun,정상명,1
의식,Noun,김수남,1
의식,Noun,김종빈,2
의식,Noun,정상명,1
의식,Noun,채동욱,2
의심,Noun,문무일,1
의연하고,Adjective,정상명,1
의연한,Adjective,김진태,1
의연한,Adjective,정상명,1
의연함을,Adjective,김수남,1
의연함이,Adjective,김수남,1
의지,Noun,김진태,2
의지,Noun,임채진,2
의지,Noun,정상명,1
의지,Noun,채동욱,1
의지,Noun,한상대,1
의한,Adjective,김수남,2
의한,Adjective,채동욱,2
의해,Adjective,윤석열,2
의해,Adjective,정상명,1
의해,Adjective,채동욱,1
이,Determiner,김수남,4
이,Determiner,김진태,2
이,Determiner,임채진,1
이,Determiner,채동욱,1
이,Determiner,한상대,1
이,Josa,김수남,30
이,Josa,김종빈,17
이,Josa,김준규,15
이,Josa,김진태,21
이,Josa,문무일,14
이,Josa,윤석열,9
이,Josa,임채진,23
이,Josa,정상명,31
이,Josa,채동욱,27
이,Josa,한상대,16
이,Noun,김수남,2
이,Noun,김종빈,6
이,Noun,김준규,1
이,Noun,김진태,2
이,Noun,문무일,1
이,Noun,윤석열,4
이,Noun,임채진,5
이,Noun,정상명,7
이,Noun,채동욱,6
이,Noun,한상대,2
이겨,Verb,김준규,1
이고,Josa,김수남,1
이고,Josa,문무일,2
이고,Josa,윤석열,3
이고,Josa,임채진,2
이고,Josa,정상명,1
이고,Josa,한상대,1
이기,Noun,정상명,2
이기는,Verb,임채진,1
이기도,Josa,김진태,1
이기도,Josa,한상대,1
이기주의,Noun,정상명,1
이끌,Verb,한상대,1
이끌고,Verb,정상명,1
이끌어,Verb,김수남,1
이끌어,Verb,문무일,1
이끌어주신,Verb,윤석열,1
이나,Josa,김수남,1
이나,Josa,김종빈,1
이나,Josa,김진태,1
이나,Josa,윤석열,1
이나,Josa,임채진,1
이나,Josa,정상명,2
이는,Verb,한상대,3
이니,Josa,윤석열,1
이대로,Adverb,채동욱,1
이던,Josa,채동욱,1
이든,Josa,김수남,1
이든,Josa,김진태,2
이라,Josa,김수남,1
이라,Josa,임채진,1
이라,Josa,한상대,1
이라고,Josa,김수남,1
이라고,Josa,김종빈,1
이라고,Josa,문무일,1
이라고,Josa,윤석열,1
이라기,Josa,임채진,1
이라는,Josa,김수남,4
이라는,Josa,김준규,1
이라는,Josa,문무일,2
이라는,Josa,임채진,1
이라는,Josa,정상명,1
이라는,Josa,채동욱,2
이라도,Josa,문무일,1
이러한,Adjective,김수남,2
이러한,Adjective,김종빈,1
이러한,Adjective,김준규,1
이러한,Adjective,문무일,2
이러한,Adjective,윤석열,2
이러한,Adjective,임채진,1
이러한,Adjective,정상명,1
이러한,Adjective,채동욱,1
이런,Adjective,문무일,2
이런,Adjective,윤석열,1
이렇게,Adverb,정상명,1
이론,Noun,김종빈,1
이롭게,Adjective,한상대,1
이루겠습니다,Verb,김종빈,1
이루고자,Verb,김진태,1
이루기,Verb,김수남,1
이루는,Verb,문무일,1
이루어,Verb,김종빈,1
이루어내야,Verb,정상명,1
이루어져야,Verb,김수남,1
이루어져야,Verb,김종빈,1
이루어져야,Verb,윤석열,2
이루어지는,Verb,김종빈,1
이루어지는,Verb,윤석열,1
이루어질,Verb,김수남,1
이루어질,Verb,임채진,1
이루었지만,Verb,김준규,1
이룬,Verb,김종빈,1
이룰,Verb,김수남,1
이룹니다,Verb,임채진,1
이르,Verb,채동욱,1
이르는,Verb,김수남,1
이르는,Verb,한상대,1
이를,Verb,김수남,2
이를,Verb,김종빈,1
이를,Verb,김진태,1
이를,Verb,문무일,2
이를,Verb,임채진,1
이를,Verb,정상명,6
이를,Verb,채동욱,5
이를,Verb,한상대,1
이며,Josa,김수남,2
이며,Josa,김종빈,2
이며,Josa,김진태,1
이며,Josa,문무일,1
이며,Josa,정상명,2
이며,Josa,한상대,3
이미,Adverb,정상명,1
이번,Noun,임채진,1
이보,Noun,윤석열,1
이불,Noun,김수남,1
이상,Noun,김수남,1
이상,Noun,한상대,1
이상은,Noun,김진태,1
이상인,Noun,김종빈,1
이성,Noun,정상명,1
이야기,Noun,김수남,1
이야말로,Josa,김진태,1
이야말로,Josa,윤석열,1
이야말로,Josa,정상명,1
이야말로,Josa,채동욱,1
이양,Noun,김종빈,1
이어지지,Verb,임채진,1
이었던,Verb,채동욱,1
이었습니다,Verb,김준규,1
이었습니다,Verb,정상명,1
이었지만,Verb,김준규,1
이웃,Noun,김진태,1
이웃,Noun,채동욱,1
이유,Noun,김수남,1
이유,Noun,김종빈,1
이유,Noun,문무일,1
이유,Noun,정상명,3
이유,Noun,채동욱,1
이자,Noun,문무일,1
이자,Noun,정상명,1
이자,Noun,한상대,2
이전,Noun,김진태,1
이제,Noun,김수남,3
이제,Noun,김준규,7
이제,Noun,김진태,2
이제,Noun,문무일,1
이제,Noun,윤석열,1
이제,Noun,임채진,1
이제,Noun,정상명,1
이제,Noun,채동욱,4
이제,Noun,한상대,1
이지,Josa,정상명,1
이지만,Josa,정상명,1
이치,Noun,김진태,1
이해,Noun,김진태,2
이해,Noun,윤석열,1
이해,Noun,임채진,1
이해해,Noun,김진태,1
이행,Noun,문무일,1
이후,Noun,김준규,1
이후,Noun,윤석열,1
익숙한,Adjective,김수남,1
익숙해진다면,Verb,채동욱,1
인,Josa,김수남,10
인,Josa,김종빈,2
인,Josa,김준규,1
인,Josa,김진태,3
인,Josa,문무일,2
인,Josa,윤석열,6
인,Josa,임채진,3
인,Josa,정상명,6
인,Josa,채동욱,13
인,Josa,한상대,3
인,Suffix,김종빈,1
인,Suffix,김진태,1
인,Suffix,문무일,1
인,Suffix,임채진,1
인,Suffix,채동욱,3
인가,Josa,김진태,2
인가,Josa,임채진,1
인간,Noun,김진태,2
인격,Noun,임채진,1
인격,Noun,채동욱,1
인권,Noun,김수남,1
인권,Noun,김종빈,8
인권,Noun,문무일,3
인권,Noun,임채진,5
인권,Noun,정상명,11
인권,Noun,채동욱,4
인당,Verb,김수남,1
인력,Noun,채동욱,1
인사,Noun,김수남,3
인사,Noun,김종빈,1
인사,Noun,채동욱,1
인사청문회,Noun,정상명,1
인사청문회,Noun,채동욱,1
인식,Noun,김진태,2
인식,Noun,윤석열,1
인식,Noun,채동욱,2
인식,Noun,한상대,1
인용,Noun,김진태,1
인의,Noun,정상명,1
인재,Noun,한상대,1
인적,Noun,김진태,1
인접,Noun,정상명,1
인정받은,Verb,정상명,1
인지,Josa,문무일,1
인지,Noun,윤석열,1
인터넷,Noun,김수남,1
인터넷,Noun,정상명,1
인품,Noun,윤석열,1
인한,Adjective,채동욱,1
인해,Adjective,김수남,1
일,Modifier,김수남,1
일,Modifier,김진태,1
일,Modifier,정상명,1
일,Modifier,채동욱,1
일,Modifier,한상대,1
일,Noun,김수남,1
일,Noun,김종빈,1
일,Noun,김준규,4
일,Noun,김진태,2
일,Noun,문무일,3
일,Noun,윤석열,2
일,Noun,임채진,2
일,Noun,정상명,3
일,Noun,채동욱,6
일,Noun,한상대,3
일관,Noun,김수남,1
일구어,Verb,채동욱,1
일도,Noun,임채진,1
일류,Noun,김준규,2
일류,Noun,한상대,2
일반,Noun,김수남,1
일반,Noun,채동욱,1
일부,Noun,김종빈,1
일부,Noun,채동욱,1
일상,Noun,김준규,1
일상,Noun,김진태,1
일상,Noun,임채진,1
일선,Noun,김수남,2
일선,Noun,김종빈,1
일선,Noun,채동욱,1
일수록,Josa,김진태,2
일원,Noun,김진태,2
일이,Modifier,윤석열,1
일이,Modifier,임채진,3
일이,Modifier,한상대,2
일찍이,Noun,김수남,1
일찍이,Noun,정상명,1
일체,Noun,김수남,1
일체,Noun,김종빈,1
일체,Noun,김준규,1
일체,Noun,김진태,2
일치단결,Noun,채동욱,1
일해,Noun,김준규,1
읽어,Verb,김진태,1
잃고,Verb,한상대,1
잃을,Verb,김종빈,1
잃지,Verb,윤석열,1
잃지,Verb,채동욱,1
임,Noun,김수남,1
임,Noun,김진태,1
임,Noun,윤석열,1
임,Noun,정상명,1
임,Noun,채동욱,3
임,Noun,한상대,1
임검,Noun,김수남,1
임기,Noun,채동욱,1
임무,Noun,김준규,2
임무,Noun,김진태,4
임무,Noun,문무일,1
임무,Noun,임채진,1
임무,Noun,정상명,1
임무,Noun,채동욱,1
임해,Noun,윤석열,1
임해,Noun,임채진,1
입,Noun,김종빈,1
입니다,Adjective,김수남,7
입니다,Adjective,김종빈,15
입니다,Adjective,김준규,7
입니다,Adjective,김진태,10
입니다,Adjective,문무일,1
입니다,Adjective,윤석열,9
입니다,Adjective,임채진,15
입니다,Adjective,정상명,16
입니다,Adjective,채동욱,17
입니다,Adjective,한상대,25
입장,Noun,김수남,1
입장,Noun,김진태,1
입장,Noun,채동욱,1
있,Adjective,김수남,2
있건,Adjective,김준규,1
있게,Adjective,김종빈,1
있게,Adjective,김진태,1
있게,Adjective,문무일,2
있게,Adjective,정상명,1
있겠는지,Adjective,정상명,1
있고,Adjective,채동욱,2
있기,Adjective,채동욱,1
있기에,Adjective,채동욱,1
있는,Adjective,김수남,4
있는,Adjective,김종빈,4
있는,Adjective,김준규,1
있는,Adjective,김진태,5
있는,Adjective,문무일,3
있는,Adjective,임채진,2
있는,Adjective,정상명,8
있는,Adjective,채동욱,8
있는,Adjective,한상대,3
있는지,Adjective,윤석열,1
있는지,Adjective,정상명,1
있다,Adjective,김수남,1
있다,Adjective,임채진,1
있다,Adjective,채동욱,1
있다고,Adjective,한상대,1
있다는,Adjective,김수남,1
있다는,Adjective,문무일,1
있다는,Adjective,임채진,1
있다는,Adjective,정상명,1
있다면,Adjective,한상대,2
있더라도,Adjective,채동욱,1
있더라도,Adjective,한상대,1
있도록,Adjective,김수남,5
있도록,Adjective,김종빈,1
있도록,Adjective,김진태,4
있도록,Adjective,문무일,2
있도록,Adjective,임채진,3
있도록,Adjective,정상명,2
있도록,Adjective,채동욱,4
있되,Adjective,김수남,1
있습니다,Adjective,김수남,11
있습니다,Adjective,김종빈,11
있습니다,Adjective,김준규,3
있습니다,Adjective,김진태,6
있습니다,Adjective,문무일,1
있습니다,Adjective,윤석열,3
있습니다,Adjective,임채진,4
있습니다,Adjective,정상명,5
있습니다,Adjective,채동욱,8
있습니다,Adjective,한상대,5
있어,Adjective,김수남,1
있어,Adjective,김종빈,1
있어,Adjective,김진태,2
있어,Adjective,윤석열,3
있어,Adjective,임채진,1
있어,Adjective,한상대,1
있어서,Adjective,김수남,3
있어서,Adjective,채동욱,1
있어서는,Adjective,임채진,1
있어서는,Adjective,정상명,1
있어서는,Adjective,채동욱,2
있어서는,Adjective,한상대,1
있어야,Adjective,김수남,1
있어야,Adjective,정상명,2
있었는지,Adjective,김진태,1
있었던,Adjective,김준규,1
있었습니다,Adjective,김종빈,1
있었습니다만,Adjective,김수남,1
있으,Adjective,문무일,1
있으리라는,Adjective,임채진,1
있으며,Adjective,김수남,1
있으며,Adjective,채동욱,1
있으므로,Adjective,김수남,1
있을,Adjective,김진태,1
있을,Adjective,문무일,1
있을,Adjective,임채진,2
있을,Adjective,한상대,1
있을지,Adjective,김종빈,1
있음에도,Adjective,한상대,1
잊어서는,Verb,윤석열,1
잊어서는,Verb,채동욱,1
잊지,Verb,김진태,1
자,Noun,정상명,2
자,Suffix,김수남,1
자,Suffix,김종빈,2
자,Suffix,문무일,3
자,Suffix,윤석열,1
자,Suffix,정상명,1
자,Suffix,채동욱,2
자,Suffix,한상대,2
자고,Noun,윤석열,1
자금,Noun,윤석열,1
자긍심,Noun,문무일,1
자기,Noun,김수남,1
자기,Noun,윤석열,1
자기,Noun,채동욱,1
자는,Verb,채동욱,1
자랑스러운,Adjective,정상명,2
자료,Noun,문무일,1
자료,Noun,정상명,1
자리,Noun,김수남,1
자리,Noun,김종빈,1
자리,Noun,김준규,1
자리,Noun,김진태,1
자리,Noun,윤석열,2
자리,Noun,임채진,5
자리,Noun,정상명,1
자리,Noun,채동욱,3
자백,Noun,김종빈,1
자본,Noun,윤석열,1
자본시장,Noun,채동욱,1
자부,Noun,김준규,1
자부,Noun,임채진,1
자성,Noun,채동욱,1
자세,Noun,김수남,4
자세,Noun,김종빈,3
자세,Noun,김준규,1
자세,Noun,김진태,3
자세,Noun,문무일,1
자세,Noun,윤석열,3
자세,Noun,임채진,2
자세,Noun,정상명,5
자세,Noun,채동욱,3
자세,Noun,한상대,2
자신,Noun,김수남,1
자신,Noun,김준규,1
자신,Noun,김진태,4
자신,Noun,문무일,2
자신,Noun,임채진,1
자신,Noun,채동욱,3
자신,Noun,한상대,1
자신감,Noun,김수남,1
자신감,Noun,임채진,1
자신감,Noun,채동욱,1
자유,Noun,김수남,1
자유,Noun,김진태,2
자유,Noun,윤석열,6
자유,Noun,임채진,2
자유,Noun,한상대,1
자유롭게,Adjective,문무일,1
자유민주,Noun,김수남,1
자유민주,Noun,김진태,2
자유민주,Noun,임채진,1
자유민주,Noun,채동욱,1
자유민주,Noun,한상대,1
자율,Noun,김진태,1
자율,Noun,문무일,1
자율,Noun,채동욱,1
자율성,Noun,김수남,1
자율성,Noun,김종빈,1
자의,Noun,김진태,1
자의,Noun,임채진,1
자존,Noun,김진태,3
자체,Noun,김종빈,1
자체,Noun,김준규,1
자체,Noun,문무일,1
자체,Noun,정상명,2
자칫,Noun,김종빈,1
작,Modifier,채동욱,1
작업,Noun,채동욱,1
작용,Noun,채동욱,1
작은,Adjective,김수남,2
작은,Adjective,김종빈,1
작은,Adjective,채동욱,3
잔혹하지,Adjective,문무일,1
잘,Verb,김수남,1
잘,Verb,김진태,2
잘,Verb,문무일,1
잘,Verb,정상명,1
잘,VerbPrefix,김준규,1
잘,VerbPrefix,채동욱,1
잘못,Noun,김진태,2
잘못,Noun,윤석열,1
잘못,Noun,임채진,1
잘못,Noun,한상대,2
잡,Noun,임채진,1
잡,Noun,채동욱,1
잡아야,Verb,한상대,1
잡지,Noun,정상명,1
잡힌,Verb,정상명,1
장,Suffix,김진태,1
장발장,Noun,김수남,1
장벽,Noun,정상명,1
장수,Noun,김종빈,1
장수,Noun,채동욱,1
장애물,Noun,김수남,1
장애인,Noun,김종빈,1
재,Noun,문무일,1
재,Noun,채동욱,1
재단,Noun,김진태,1
재범,Noun,채동욱,1
재적,Noun,김진태,1
재적,Noun,임채진,1
재정,Noun,김수남,2
재정,Noun,김진태,1
잿더미,Noun,채동욱,1
저,Determiner,김준규,1
저,Noun,김수남,6
저,Noun,김종빈,3
저,Noun,김준규,3
저,Noun,김진태,6
저,Noun,문무일,4
저,Noun,윤석열,6
저,Noun,임채진,4
저,Noun,정상명,8
저,Noun,채동욱,11
저,Noun,한상대,3
저조합니다,Adjective,문무일,1
저지르게,Verb,김준규,1
저지르지,Verb,한상대,1
저지른,Verb,김준규,1
저지른,Verb,김진태,1
저해,Noun,김진태,1
적,Noun,김수남,1
적,Noun,한상대,2
적,Suffix,김수남,23
적,Suffix,김종빈,11
적,Suffix,김준규,4
적,Suffix,김진태,25
적,Suffix,문무일,15
적,Suffix,윤석열,20
적,Suffix,임채진,16
적,Suffix,정상명,21
적,Suffix,채동욱,20
적,Suffix,한상대,7
적극,Noun,김수남,1
적극,Noun,김진태,1
적극,Noun,임채진,1
적극,Noun,채동욱,1
적극,Noun,한상대,1
적대,Noun,윤석열,1
적법절차,Noun,김수남,1
적법절차,Noun,문무일,1
적시에,Verb,김수남,1
적용,Noun,김수남,1
적용,Noun,정상명,1
적은,Verb,한상대,2
적정,Noun,임채진,1
적정한,Adjective,김수남,1
적지,Noun,김종빈,1
적지,Noun,김진태,1
전,Foreign,임채진,1
전,Modifier,문무일,1
전,Modifier,채동욱,1
전,Noun,김종빈,1
전,Noun,문무일,1
전,Noun,윤석열,1
전,Noun,정상명,1
전,Noun,채동욱,2
전개,Noun,한상대,1
전과,Noun,김종빈,1
전국,Noun,김수남,1
전국,Noun,김진태,1
전국,Noun,문무일,1
전국,Noun,임채진,1
전국,Noun,정상명,1
전날,Noun,채동욱,1
전념,Noun,김진태,1
전면,Noun,임채진,1
전문,Noun,김진태,1
전문가,Noun,문무일,1
전문가,Noun,채동욱,2
전문성,Noun,김종빈,2
전문성,Noun,문무일,1
전문화,Noun,김종빈,1
전반,Noun,김수남,1
전복,Noun,김수남,1
전임,Noun,김수남,1
전임,Noun,김종빈,1
전임,Noun,김준규,1
전임,Noun,임채진,1
전장,Noun,채동욱,1
전쟁,Noun,한상대,4
전진,Noun,김진태,1
전체,Noun,김수남,1
전체,Noun,임채진,1
전체,Noun,정상명,1
전체,Noun,채동욱,1
전투,Noun,채동욱,1
전하,Noun,김수남,1
전향,Noun,문무일,1
전환,Noun,김준규,1
전환,Noun,윤석열,1
절대,Noun,김수남,1
절대,Noun,윤석열,1
절대,Noun,임채진,1
절대로,Noun,채동욱,1
절박,Noun,채동욱,1
절실,Noun,채동욱,1
절제,Noun,김종빈,1
절제,Noun,임채진,2
절차,Noun,김수남,1
절차,Noun,김종빈,1
절차,Noun,김진태,1
절차,Noun,윤석열,1
절차,Noun,임채진,1
절체절명,Noun,임채진,1
점,Noun,김종빈,1
점,Noun,김준규,1
점,Noun,윤석열,1
점검,Noun,문무일,1
점검,Noun,정상명,1
점점,Noun,김진태,1
접근,Noun,김수남,1
정,Noun,정상명,1
정당성,Noun,임채진,1
정당한,Adjective,김진태,1
정당한,Adjective,윤석열,1
정도,Noun,문무일,1
정도,Noun,임채진,2
정리,Noun,김진태,1
정리,Noun,정상명,1
정립,Noun,김수남,2
정립,Noun,임채진,1
정면,Noun,윤석열,1
정복,Noun,정상명,1
정비,Noun,한상대,1
정상,Noun,채동욱,1
정상명,Noun,임채진,1
정성,Noun,김수남,2
정성,Noun,김종빈,1
정성,Noun,임채진,1
정성,Noun,채동욱,2
정성은,Noun,채동욱,1
정신,Noun,김수남,1
정신,Noun,김종빈,1
정신,Noun,김준규,1
정신,Noun,문무일,1
정신,Noun,윤석열,4
정약용,Noun,김종빈,1
정약용,Noun,정상명,1
정열,Noun,정상명,1
정예,Noun,임채진,1
정의,Noun,김수남,3
정의,Noun,김종빈,4
정의,Noun,김진태,2
정의,Noun,윤석열,1
정의,Noun,임채진,2
정의,Noun,정상명,7
정의,Noun,채동욱,2
정의,Noun,한상대,4
정의감,Noun,김수남,1
정정당당하고,Adjective,김준규,1
정제,Noun,김진태,1
정착,Noun,김수남,2
정착,Noun,김진태,2
정착,Noun,채동욱,2
정책,Noun,김수남,2
정치,Noun,김수남,2
정치,Noun,김종빈,3
정치,Noun,김진태,4
정치,Noun,문무일,2
정치,Noun,윤석열,5
정치,Noun,임채진,6
정치,Noun,정상명,6
정치,Noun,채동욱,2
정치,Noun,한상대,2
정치권,Noun,김종빈,2
정해,Noun,임채진,1
정화,Noun,정상명,1
정확하게,Adjective,김진태,1
정확한,Adjective,임채진,1
젖어,Verb,임채진,1
제,Noun,김수남,2
제,Noun,김종빈,1
제,Noun,김준규,2
제,Noun,윤석열,1
제,Noun,채동욱,2
제거,Noun,임채진,1
제거,Noun,한상대,2
제공,Noun,문무일,1
제국,Noun,정상명,1
제기,Noun,문무일,1
제대로,Noun,김진태,1
제대로,Noun,임채진,1
제대로,Noun,정상명,2
제대로,Noun,채동욱,1
제도,Noun,김종빈,3
제도,Noun,김진태,1
제도,Noun,문무일,4
제도,Noun,윤석열,1
제도,Noun,임채진,1
제도,Noun,정상명,3
제도,Noun,채동욱,1
제시,Noun,채동욱,2
제안,Noun,문무일,1
제안,Noun,윤석열,1
제재,Noun,김진태,1
조,Modifier,채동욱,1
조,Modifier,한상대,1
조금,Noun,문무일,1
조력,Noun,정상명,1
조사,Noun,김종빈,1
조사,Noun,문무일,1
조속,Noun,윤석열,1
조심스럽고,Adjective,임채진,1
조직,Noun,김수남,1
조직,Noun,정상명,3
조직,Noun,채동욱,1
조직,Noun,한상대,5
조화,Noun,윤석열,1
존경,Noun,임채진,1
존경,Noun,정상명,1
존립,Noun,김수남,1
존립,Noun,김진태,1
존재,Noun,김수남,2
존재,Noun,김종빈,1
존재,Noun,정상명,2
존중,Noun,김수남,1
존중,Noun,김종빈,3
존중,Noun,김준규,1
존중,Noun,김진태,3
존중,Noun,문무일,2
존중,Noun,임채진,1
존중,Noun,정상명,3
종결,Noun,문무일,2
종국,Noun,김진태,1
종국,Noun,채동욱,1
종북,Noun,한상대,2
종북주의자,Noun,한상대,1
종사,Noun,김진태,1
종사,Noun,문무일,1
종지부,Noun,채동욱,1
좋겠다는,Adjective,문무일,1
좌고우면,Adjective,정상명,1
좌익,Noun,한상대,2
좌절,Noun,채동욱,2
좌절,Noun,한상대,1
죄,Noun,김수남,1
죄,Noun,김준규,1
죄,Noun,임채진,1
죄인,Noun,임채진,1
주,Modifier,김수남,2
주,Modifier,김준규,1
주,Modifier,임채진,3
주,Modifier,정상명,3
주,Modifier,채동욱,1
주고,Verb,정상명,1
주권,Noun,김진태,1
주권,Noun,채동욱,1
주는,Verb,임채진,1
주로,Noun,윤석열,1
주세요,Verb,김수남,2
주셨습니다,Verb,김수남,1
주시길,Verb,김준규,1
주신,Noun,김수남,1
주신,Noun,김준규,1
주신,Noun,정상명,1
주어,Noun,임채진,1
주어지는,Verb,김진태,1
주어지더라도,Verb,김진태,1
주어진,Verb,김종빈,1
주어진,Verb,김준규,1
주어진,Verb,김진태,1
주어진,Verb,정상명,1
주어진,Verb,한상대,2
주의,Noun,임채진,1
주의,Noun,정상명,1
주의,Noun,한상대,2
주장,Noun,김수남,1
주장,Noun,김진태,1
주장,Noun,정상명,1
주재,Noun,김수남,1
주지,Noun,윤석열,1
주체,Noun,정상명,1
죽음,Noun,정상명,1
준,Noun,채동욱,1
준다면,Verb,채동욱,1
준비,Noun,정상명,1
준수,Noun,김수남,1
준수,Noun,문무일,1
준엄,Noun,김진태,1
줄,Noun,임채진,1
줄어들었지만,Verb,채동욱,1
줄일,Verb,문무일,1
중,Noun,김종빈,1
중,Noun,채동욱,2
중,Noun,한상대,1
중,Suffix,김종빈,1
중,Suffix,채동욱,1
중간,Noun,김수남,1
중간,Noun,김진태,1
중국,Noun,정상명,1
중대한,Adjective,채동욱,1
중립,Noun,김수남,1
중립,Noun,김종빈,3
중립,Noun,김진태,2
중립,Noun,윤석열,1
중립,Noun,임채진,1
중립,Noun,정상명,6
중립성,Noun,문무일,2
중립성,Noun,임채진,2
중립성,Noun,채동욱,2
중시,Noun,윤석열,2
중심,Noun,김종빈,3
중심,Noun,문무일,2
중요성,Noun,김수남,1
중요성,Noun,채동욱,1
중요하다,Adjective,채동욱,1
중요한,Adjective,김진태,1
중요한,Adjective,윤석열,1
중요한,Adjective,정상명,1
중요한,Adjective,채동욱,2
중요합니다,Adjective,김수남,1
중요합니다,Adjective,정상명,1
중재,Noun,김종빈,1
중지,Noun,김진태,1
중책,Noun,김수남,1
중책,Noun,김진태,1
중책,Noun,임채진,1
중추,Noun,김수남,1
중추,Noun,채동욱,1
중추,Noun,한상대,2
즉,Noun,김수남,1
즉각,Noun,윤석열,1
즉시,Noun,임채진,1
즐거운,Adjective,김종빈,1
증거,Noun,김종빈,1
증거,Noun,문무일,2
증거,Noun,임채진,1
증거법,Noun,문무일,1
증명,Noun,한상대,1
증진,Noun,김종빈,1
증진,Noun,임채진,1
지,Josa,김수남,1
지,Josa,김진태,1
지,Josa,정상명,1
지,Josa,한상대,2
지,Modifier,김수남,1
지,Modifier,김종빈,1
지,Verb,김진태,1
지,Verb,한상대,1
지금,Noun,김종빈,1
지금,Noun,김준규,1
지금,Noun,김진태,1
지금,Noun,문무일,1
지금,Noun,정상명,3
지금,Noun,채동욱,2
지금,Noun,한상대,1
지나치지도,Verb,문무일,1
지난,Noun,김수남,1
지난,Noun,윤석열,1
지난,Noun,정상명,1
지난,Noun,채동욱,1
지난해,Noun,채동욱,2
지는,Josa,김수남,1
지능,Noun,김진태,1
지도,Noun,김수남,1
지도,Noun,김진태,1
지도력,Noun,김수남,1
지루한,Adjective,문무일,1
지명,Noun,김수남,1
지상명령,Noun,임채진,1
지속,Noun,김진태,1
지시,Noun,김진태,1
지식,Noun,채동욱,1
지역,Noun,김준규,1
지연,Noun,김준규,1
지원,Noun,김종빈,1
지원,Noun,임채진,1
지원이,Noun,윤석열,1
지위,Noun,김준규,1
지위,Noun,김진태,1
지위,Noun,윤석열,1
지적,Noun,김진태,1
지적,Noun,채동욱,1
지점,Noun,윤석열,1
지지,Noun,김수남,1
지지,Noun,김준규,1
지지,Noun,채동욱,1
지체,Noun,채동욱,1
지켜,Verb,김준규,1
지켜,Verb,김진태,3
지켜,Verb,윤석열,2
지켜,Verb,한상대,1
지켜내라는,Verb,임채진,1
지켜내야,Verb,임채진,1
지켜야,Verb,김수남,2
지켜야,Verb,김종빈,1
지켜야,Verb,채동욱,1
지켜주신,Verb,김준규,1
지켜주어야,Verb,문무일,1
지켜줄,Verb,채동욱,1
지켜지지,Verb,김수남,1
지켜질,Verb,김진태,1
지키고,Verb,김진태,1
지키기,Verb,채동욱,1
지키는,Verb,김진태,1
지키는,Verb,문무일,1
지키는,Verb,윤석열,3
지키는,Verb,채동욱,1
지키되,Verb,김수남,1
지키면,Verb,채동욱,1
지키면서도,Verb,김수남,1
지킬,Verb,김진태,1
지표,Noun,정상명,1
지하,Noun,김진태,1
지하경제,Noun,김진태,1
지향,Noun,김종빈,1
지향,Noun,윤석열,1
지향,Noun,임채진,1
지혜,Noun,김진태,1
지혜,Noun,임채진,3
지혜,Noun,정상명,1
지혜,Noun,채동욱,3
지휘,Noun,김준규,1
지휘,Noun,정상명,5
지휘,Noun,채동욱,2
직급,Noun,김진태,1
직무,Noun,임채진,1
직무,Noun,정상명,1
직무,Noun,채동욱,1
직무,Noun,한상대,1
직문,Noun,채동욱,1
직역,Noun,정상명,1
직원,Noun,김종빈,1
직원,Noun,김준규,1
직원,Noun,한상대,2
직접,Noun,김진태,1
직접,Noun,문무일,1
직접,Noun,윤석열,1
직접,Noun,정상명,1
진,Noun,임채진,1
진나라,Noun,정상명,1
진력,Noun,임채진,1
진술,Noun,문무일,2
진실,Noun,김수남,2
진실,Noun,김종빈,1
진실,Noun,김진태,2
진실,Noun,임채진,2
진실,Noun,정상명,2
진실,Noun,채동욱,1
진실,Noun,한상대,3
진실로,Adverb,임채진,1
진심,Noun,김수남,1
진심,Noun,김진태,1
진심,Noun,문무일,1
진심,Noun,임채진,1
진심,Noun,정상명,1
진정,Noun,정상명,1
진정한,Adjective,김수남,1
진정한,Adjective,김진태,1
진정한,Adjective,정상명,2
진정한,Adjective,한상대,1
진지한,Adjective,임채진,1
진행,Noun,문무일,1
진행,Noun,정상명,1
질서,Noun,김수남,1
질서,Noun,김준규,1
질서,Noun,김진태,4
질서,Noun,윤석열,5
질서,Noun,임채진,3
질서,Noun,채동욱,2
질책,Noun,김진태,1
집,Noun,김수남,2
집결,Noun,한상대,1
집니다,Verb,한상대,1
집단,Noun,김진태,1
집단,Noun,한상대,1
집시,Noun,김진태,1
집중,Noun,김종빈,1
집중,Noun,김준규,1
집중,Noun,김진태,1
집중,Noun,문무일,1
집중,Noun,윤석열,2
집중,Noun,임채진,3
집중,Noun,정상명,1
집중,Noun,채동욱,2
집착,Noun,한상대,1
집행,Noun,김수남,4
집행,Noun,김준규,1
집행,Noun,김진태,2
집행,Noun,윤석열,17
집행,Noun,정상명,1
집회,Noun,김수남,1
짓,VerbPrefix,임채진,1
징역,Noun,김수남,1
짙게,Adjective,김준규,1
짚어,Verb,정상명,1
짝,Noun,정상명,1
짧은,Adjective,김준규,1
쪼,Noun,정상명,1
쪽,Noun,문무일,1
찍어야,Verb,채동욱,1
차갑게,Adjective,채동욱,1
차고,Noun,정상명,1
차입니다,Verb,정상명,1
차장,Noun,김수남,1
착수,Noun,정상명,1
착오,Noun,한상대,1
찬,Noun,임채진,1
찬,Noun,한상대,1
찬양,Noun,한상대,1
참된,Adjective,김종빈,1
참여,Noun,김종빈,2
참여,Noun,김진태,1
참여,Noun,채동욱,1
창공,Noun,정상명,1
창의,Noun,김종빈,1
창조,Noun,김종빈,1
창조성,Noun,정상명,1
찾고,Verb,김진태,1
찾아,Verb,한상대,1
찾아가는,Verb,김진태,1
찾아야,Verb,윤석열,1
찾았지만,Verb,채동욱,1
찾을,Verb,채동욱,1
채권,Noun,김진태,1
책무,Noun,김준규,1
책무,Noun,김진태,1
책무,Noun,문무일,1
책무,Noun,정상명,1
책무,Noun,채동욱,1
책임,Noun,김종빈,1
책임,Noun,김진태,2
책임,Noun,채동욱,3
책임,Noun,한상대,2
책임감,Noun,김수남,1
책임감,Noun,김진태,1
책임감,Noun,문무일,1
책임감,Noun,임채진,1
책임감,Noun,정상명,1
책임감,Noun,채동욱,1
책임지고,Verb,정상명,1
책임지는,Verb,김진태,1
책임지며,Verb,김준규,1
책임진다는,Verb,김진태,1
처,Noun,김진태,1
처럼,Josa,김진태,1
처럼,Josa,정상명,3
처럼,Josa,채동욱,2
처럼,Josa,한상대,1
처리,Noun,김수남,4
처리,Noun,김종빈,3
처리,Noun,김진태,3
처리,Noun,임채진,1
처리,Noun,정상명,1
처리,Noun,채동욱,3
처벌,Noun,김수남,2
처벌,Noun,윤석열,1
처벌,Noun,채동욱,1
처분,Noun,김종빈,1
처신,Noun,채동욱,3
처우,Noun,임채진,1
척,Noun,임채진,1
척결,Noun,김수남,1
척결,Noun,김종빈,1
척결,Noun,김진태,1
척결,Noun,임채진,2
척결,Noun,채동욱,1
천,Modifier,김수남,1
천,Noun,채동욱,1
천년,Noun,정상명,1
천하,Noun,임채진,1
철저,Noun,채동욱,1
철저하게,Adjective,김진태,1
철저하게,Adjective,채동욱,1
철저한,Adjective,김종빈,1
철저한,Adjective,한상대,2
철저히,Adjective,김수남,2
철저히,Adjective,김종빈,2
철저히,Adjective,문무일,2
철저히,Adjective,정상명,1
철저히,Adjective,채동욱,2
첨,Adverb,김진태,1
첩경,Noun,한상대,1
첫,Noun,김수남,1
첫,Noun,채동욱,1
첫날,Noun,정상명,1
첫째,Noun,김수남,1
첫째,Noun,김종빈,1
첫째,Noun,임채진,1
첫째,Noun,채동욱,1
첫째,Noun,한상대,1
청,Noun,김수남,2
청,Noun,문무일,1
청렴,Noun,김수남,2
청렴,Noun,김종빈,1
청렴,Noun,채동욱,2
청렴,Noun,한상대,1
청사,Noun,임채진,1
청소년,Noun,김종빈,1
체감,Noun,정상명,1
체계,Noun,김수남,2
체적,Noun,채동욱,1
체제,Noun,김수남,1
체제,Noun,김종빈,1
체제,Noun,윤석열,3
체제,Noun,채동욱,2
체제,Noun,한상대,4
체질,Noun,채동욱,1
체질,Noun,한상대,1
체질개선,Noun,한상대,1
쳐도,Verb,김준규,1
초,Noun,한상대,2
초래,Noun,김진태,1
초래,Noun,채동욱,1
초석,Noun,김준규,1
초월,Noun,김진태,1
초유,Noun,김준규,1
총,Modifier,채동욱,1
총,Modifier,한상대,1
총장,Noun,김수남,1
총장,Noun,문무일,1
총장,Noun,윤석열,1
총장,Noun,임채진,1
총장,Noun,정상명,1
최고,Noun,김수남,1
최고,Noun,김종빈,1
최고,Noun,김진태,2
최고,Noun,채동욱,2
최고,Noun,한상대,1
최근,Noun,김수남,1
최근,Noun,문무일,1
최대한,Noun,김수남,1
최대한,Noun,김종빈,1
최대한,Noun,김진태,3
최대한,Noun,문무일,1
최대한,Noun,윤석열,1
최대한,Noun,임채진,2
최대한,Noun,정상명,1
최빈국,Noun,김수남,1
최선,Noun,김종빈,1
최선,Noun,임채진,1
최선,Noun,정상명,1
최적,Noun,정상명,1
최후,Noun,한상대,1
추,Noun,윤석열,2
추구,Noun,김종빈,1
추구,Noun,임채진,1
추구,Noun,채동욱,1
추되,Verb,채동욱,1
추락,Noun,한상대,1
추문,Noun,채동욱,1
추방,Noun,채동욱,1
추상,Noun,김진태,1
추상,Noun,임채진,1
추상,Noun,정상명,1
추상,Noun,채동욱,1
추심,Noun,김진태,1
추적,Noun,김진태,1
추종,Noun,한상대,2
추진,Noun,임채진,1
추진,Noun,정상명,2
추진단,Noun,정상명,2
추호,Noun,윤석열,1
추호,Noun,임채진,2
추호,Noun,정상명,1
축,Noun,윤석열,1
축하,Noun,김수남,1
출국,Noun,한상대,1
출발,Noun,김종빈,2
출발,Noun,임채진,1
출발,Noun,채동욱,1
출범,Noun,임채진,1
출신,Noun,김진태,1
충돌,Noun,정상명,1
충무공,Noun,채동욱,2
충분하지,Adjective,김수남,1
충분하지,Adjective,윤석열,1
충분히,Adjective,김진태,1
충실함을,Adjective,문무일,1
충실히,Adjective,김종빈,1
충실히,Adjective,문무일,1
충실히,Adjective,정상명,1
충실히,Adjective,채동욱,1
충족,Noun,김종빈,1
취임,Noun,김진태,1
취임,Noun,문무일,1
취임,Noun,한상대,1
취하,Noun,김수남,1
측면,Noun,임채진,1
층,Noun,김수남,1
층,Noun,김진태,1
치,Noun,김준규,1
치료,Noun,김진태,1
치명,Noun,김수남,1
치명,Noun,채동욱,1
치밀하고,Adjective,김진태,1
치열한,Adjective,정상명,1
치욕,Noun,한상대,1
치우치지,Verb,문무일,1
치우침이,Verb,정상명,1
치유,Noun,임채진,1
치의,Noun,김준규,1
치의,Noun,김진태,1
치의,Noun,채동욱,1
치입니다,Verb,김수남,1
치입니다,Verb,김진태,1
친애하는,Adjective,김종빈,1
친애하는,Adjective,윤석열,1
친애하는,Adjective,임채진,1
친애하는,Adjective,정상명,1
친절해도,Adjective,임채진,1
침묵,Noun,정상명,1
침체,Noun,한상대,1
침해,Noun,김수남,1
침해,Noun,김종빈,1
침해,Noun,김진태,1
침해,Noun,윤석열,2
침해,Noun,채동욱,3
칼,Noun,채동욱,1
커다란,Adjective,임채진,1
커지고,Verb,김진태,1
케,Noun,김진태,1
코엘료,Noun,김진태,1
크게,Noun,임채진,1
크게,Noun,채동욱,3
크고,Verb,채동욱,1
큰,Verb,김수남,2
큰,Verb,김종빈,1
큰,Verb,김진태,1
큰,Verb,한상대,1
큰일,Noun,임채진,1
큽니다,Verb,문무일,1
타당,Noun,김진태,1
타성,Noun,김준규,1
타성,Noun,임채진,1
타율,Noun,김종빈,1
타인,Noun,정상명,1
타파,Noun,한상대,1
탁월한,Adjective,김수남,1
탈,Noun,김수남,1
탈,Noun,채동욱,1
탈세,Noun,김진태,1
태,Noun,김수남,1
태도,Noun,채동욱,1
태도,Noun,한상대,1
태산,Noun,김수남,1
태어나겠다는,Verb,정상명,1
태어날,Verb,정상명,1
토대,Noun,김종빈,2
토대,Noun,김진태,1
토대,Noun,정상명,1
토론,Noun,김종빈,1
토양,Noun,한상대,1
통,Noun,김진태,1
통,Noun,문무일,2
통,Noun,한상대,1
통감,Noun,한상대,1
통일,Noun,정상명,1
통일,Noun,한상대,3
통제,Noun,김수남,1
통제,Noun,채동욱,1
통합,Noun,김수남,2
통해,Noun,김종빈,1
통해,Noun,김준규,3
통해,Noun,김진태,1
통해,Noun,문무일,1
통해,Noun,임채진,1
통해,Noun,정상명,3
통해,Noun,채동욱,2
투,Noun,채동욱,1
투명,Noun,김종빈,1
투명,Noun,채동욱,1
투명하게,Adjective,김종빈,2
투명하고,Adjective,김종빈,1
투명하고,Adjective,김진태,1
투명하고,Adjective,채동욱,1
투명한,Adjective,김진태,1
투명한,Adjective,문무일,2
투명한,Adjective,정상명,1
투명함이,Adjective,한상대,1
투쟁,Noun,정상명,1
투철,Noun,김진태,1
투철,Noun,임채진,1
특별,Noun,김수남,1
특별,Noun,채동욱,2
특별히,Adjective,김종빈,1
특정,Noun,윤석열,1
특히,Adverb,김진태,2
특히,Adverb,윤석열,3
특히,Adverb,임채진,1
특히,Adverb,정상명,1
특히,Adverb,채동욱,2
틈,Noun,김수남,1
파도,Noun,김준규,1
파도,Noun,채동욱,1
파수,Noun,김종빈,1
파악,Noun,윤석열,1
파울로,Noun,김진태,1
판단,Noun,임채진,2
팔,Modifier,채동욱,1
패러다임,Noun,김준규,1
퍼져,Verb,한상대,1
페셔널,Noun,김진태,1
페어플레이,Noun,김준규,1
편,Noun,채동욱,1
편도,Noun,김진태,1
편안하게,Adjective,김종빈,1
편안하게,Adjective,김진태,1
편안하고,Adjective,김수남,1
편안해,Adjective,임채진,1
편의,Noun,김종빈,2
편입,Noun,김진태,1
편하게,Adjective,김종빈,1
편하게,Adjective,김준규,1
편하되,Adjective,채동욱,1
펼쳐,Verb,김종빈,1
평,Noun,문무일,1
평가,Noun,김종빈,1
평가,Noun,김진태,1
평가,Noun,문무일,1
평가,Noun,임채진,1
평등,Noun,윤석열,1
평온하고,Adjective,채동욱,1
평화,Noun,김진태,1
평화로운,Adjective,김진태,1
포,Noun,윤석열,1
포기,Noun,채동욱,1
폭넓은,Adjective,정상명,1
폭력,Noun,김수남,5
폭력,Noun,김진태,1
폭력,Noun,임채진,1
폭력,Noun,채동욱,1
폭풍우,Noun,채동욱,1
표,Noun,김수남,1
표,Noun,윤석열,1
표,Noun,임채진,1
표류,Noun,채동욱,1
표어,Noun,정상명,1
표적,Noun,김진태,1
표적,Noun,임채진,1
표현,Modifier,한상대,1
푸른,Noun,한상대,1
풀어,Verb,김진태,1
품격,Noun,임채진,1
품격,Noun,정상명,1
품고,Verb,김진태,1
품위,Noun,임채진,1
풍요,Noun,윤석열,1
풍토,Noun,정상명,1
풍토,Noun,한상대,1
프로,Noun,김진태,1
프로세스,Noun,정상명,1
프로페셔널,Noun,김진태,1
피,Noun,채동욱,1
피우고,Verb,김종빈,1
피울,Verb,임채진,1
피해자,Noun,김종빈,1
피해자,Noun,문무일,1
피해자,Noun,윤석열,2
피해자,Noun,임채진,1
피해자,Noun,한상대,1
필수,Noun,김종빈,1
필연,Noun,김수남,1
필연,Noun,윤석열,1
필요,Noun,김수남,2
필요,Noun,김진태,1
필요,Noun,문무일,1
필요,Noun,윤석열,2
필요,Noun,한상대,1
필요한,Adjective,김수남,1
필요한,Adjective,김진태,2
필요한,Adjective,문무일,1
필요한,Adjective,임채진,1
필요한,Adjective,채동욱,2
필요합니다,Adjective,김수남,1
필요합니다,Adjective,문무일,1
하,Exclamation,김진태,1
하,Exclamation,임채진,1
하,Suffix,김수남,2
하,Suffix,김종빈,1
하,Suffix,김진태,3
하,Suffix,임채진,2
하,Suffix,채동욱,3
하,Suffix,한상대,1
하게,Verb,김수남,2
하게,Verb,김종빈,1
하게,Verb,김준규,1
하게,Verb,김진태,3
하게,Verb,문무일,1
하게,Verb,윤석열,1
하게,Verb,임채진,2
하게,Verb,채동욱,1
하게,Verb,한상대,1
하겠습니다,Verb,김수남,5
하겠습니다,Verb,김종빈,5
하겠습니다,Verb,김준규,2
하겠습니다,Verb,김진태,5
하겠습니다,Verb,문무일,1
하겠습니다,Verb,임채진,9
하겠습니다,Verb,정상명,5
하겠습니다,Verb,채동욱,2
하고,Josa,김수남,16
하고,Josa,김종빈,13
하고,Josa,김준규,4
하고,Josa,김진태,10
하고,Josa,문무일,5
하고,Josa,윤석열,3
하고,Josa,임채진,11
하고,Josa,정상명,13
하고,Josa,채동욱,7
하고,Josa,한상대,11
하고,Verb,김수남,2
하고,Verb,김준규,1
하고,Verb,문무일,2
하고,Verb,윤석열,1
하고,Verb,임채진,3
하고,Verb,정상명,1
하고,Verb,채동욱,1
하고,Verb,한상대,2
하고도,Josa,채동욱,1
하고자,Verb,김수남,1
하고자,Verb,김진태,1
하고자,Verb,문무일,2
하고자,Verb,임채진,1
하고자,Verb,정상명,2
하고자,Verb,채동욱,1
하고자,Verb,한상대,1
하급,Noun,문무일,1
하기,Verb,김수남,1
하기,Verb,김종빈,5
하기,Verb,정상명,5
하기,Verb,채동욱,3
하기,Verb,한상대,1
하기도,Verb,임채진,1
하기를,Verb,임채진,1
하길,Verb,김수남,1
하길,Verb,김준규,1
하나,Noun,김종빈,1
하나,Noun,김준규,3
하나,Noun,김진태,3
하나,Noun,문무일,2
하나,Noun,정상명,2
하나,Noun,채동욱,2
하나,Noun,한상대,5
하나로,Noun,김진태,1
하나로,Noun,정상명,1
하는,Verb,김수남,13
하는,Verb,김종빈,16
하는,Verb,김준규,5
하는,Verb,김진태,16
하는,Verb,문무일,13
하는,Verb,윤석열,14
하는,Verb,임채진,7
하는,Verb,정상명,18
하는,Verb,채동욱,14
하는,Verb,한상대,10
하는데,Verb,문무일,1
하는데,Verb,임채진,1
하는데,Verb,정상명,2
하는지,Verb,윤석열,2
하는지,Verb,정상명,1
하는지를,Verb,채동욱,1
하늘,Noun,김수남,1
하다고,Verb,김수남,1
하도록,Verb,김수남,1
하도록,Verb,김진태,1
하도록,Verb,문무일,1
하도록,Verb,임채진,1
하려,Verb,김진태,1
하려는,Verb,채동욱,1
하루,Noun,임채진,1
하루,Noun,채동욱,1
하루빨리,Adverb,채동욱,1
하루하루,Noun,임채진,1
하루하루,Noun,정상명,1
하며,Verb,김수남,2
하며,Verb,김종빈,2
하며,Verb,김진태,4
하며,Verb,문무일,1
하며,Verb,윤석열,1
하며,Verb,정상명,1
하며,Verb,한상대,1
하면,Verb,김수남,1
하면,Verb,김종빈,4
하면,Verb,김진태,1
하면,Verb,임채진,1
하면,Verb,정상명,1
하면서,Verb,김수남,1
하면서,Verb,김종빈,1
하면서,Verb,정상명,3
하면서,Verb,한상대,1
하면서도,Verb,김종빈,1
하면서도,Verb,김진태,1
하면서도,Verb,문무일,1
하면서도,Verb,정상명,1
하셨습니다,Verb,정상명,2
하셨습니다,Verb,채동욱,1
하시게,Verb,김준규,1
하시면서,Verb,정상명,1
하신,Verb,임채진,1
하여,Verb,김수남,3
하여,Verb,김종빈,3
하여,Verb,김준규,1
하여,Verb,김진태,9
하여,Verb,문무일,10
하여,Verb,윤석열,3
하여,Verb,임채진,1
하여,Verb,정상명,4
하여,Verb,채동욱,7
하여,Verb,한상대,2
하여도,Verb,정상명,1
하여야,Verb,김준규,1
하여야,Verb,문무일,3
하여야,Verb,정상명,2
하여야,Verb,채동욱,2
하였고,Verb,김종빈,1
하였고,Verb,정상명,1
하였는지,Verb,김진태,1
하였습니다,Verb,김종빈,3
하였습니다,Verb,정상명,2
하였습니다,Verb,한상대,1
하의,Noun,채동욱,1
하자,Noun,김진태,1
하지,Verb,김수남,3
하지,Verb,김종빈,1
하지,Verb,김진태,2
하지,Verb,문무일,2
하지,Verb,임채진,2
하지,Verb,정상명,2
하지,Verb,채동욱,4
하지,Verb,한상대,1
하지만,Conjunction,김수남,2
하지만,Conjunction,김준규,1
하지만,Conjunction,윤석열,1
하지만,Conjunction,임채진,3
하지만,Verb,김준규,1
학교폭력,Noun,김수남,1
학교폭력,Noun,김진태,1
학연,Noun,김준규,1
학연,Noun,김진태,1
한,Determiner,김준규,1
한,Determiner,김진태,1
한,Determiner,임채진,2
한,Determiner,정상명,4
한,Determiner,채동욱,1
한,Josa,김수남,7
한,Josa,김종빈,3
한,Josa,김준규,1
한,Josa,김진태,12
한,Josa,문무일,1
한,Josa,윤석열,3
한,Josa,임채진,8
한,Josa,정상명,7
한,Josa,채동욱,12
한,Josa,한상대,5
한,Verb,김종빈,8
한,Verb,김준규,3
한,Verb,김진태,5
한,Verb,윤석열,3
한,Verb,정상명,5
한,Verb,채동욱,2
한,Verb,한상대,1
한결같이,Adverb,정상명,1
한계,Noun,김진태,1
한계,Noun,윤석열,1
한계,Noun,임채진,1
한국,Noun,김준규,1
한다,Verb,김수남,1
한다,Verb,김진태,1
한다,Verb,정상명,1
한다거나,Verb,한상대,1
한다고,Verb,김수남,1
한다고,Verb,김종빈,1
한다고,Verb,문무일,3
한다고,Verb,임채진,1
한다는,Modifier,김수남,1
한다는,Modifier,김종빈,1
한다는,Modifier,윤석열,1
한다는,Modifier,임채진,1
한다는,Modifier,채동욱,1
한다면,Verb,김진태,1
한다면,Verb,임채진,1
한다면,Verb,정상명,1
한다면,Verb,한상대,1
한도,Noun,김수남,1
한류,Noun,한상대,1
한민족,Noun,한상대,1
한번,Noun,임채진,1
한번,Noun,정상명,1
한비자,Noun,김수남,2
한없이,Adverb,정상명,1
한장,Noun,임채진,2
한쪽,Noun,정상명,1
한편,Noun,김종빈,1
한편,Noun,문무일,2
할,Verb,김수남,14
할,Verb,김종빈,13
할,Verb,김준규,3
할,Verb,김진태,6
할,Verb,문무일,2
할,Verb,윤석열,5
할,Verb,임채진,8
할,Verb,정상명,9
할,Verb,채동욱,15
할,Verb,한상대,9
할만,Verb,김준규,1
함,Noun,김수남,2
함,Noun,김진태,1
함,Noun,윤석열,4
함,Noun,임채진,1
함,Noun,정상명,1
함,Noun,한상대,1
함께,Adverb,김수남,3
함께,Adverb,김종빈,4
함께,Adverb,김준규,1
함께,Adverb,김진태,2
함께,Adverb,문무일,2
함께,Adverb,윤석열,4
함께,Adverb,임채진,4
함께,Adverb,정상명,2
함께,Adverb,채동욱,2
함께,Adverb,한상대,1
함선,Noun,채동욱,1
함양,Noun,김종빈,1
함양,Noun,임채진,1
합니다,Verb,김수남,28
합니다,Verb,김종빈,8
합니다,Verb,김준규,19
합니다,Verb,김진태,18
합니다,Verb,문무일,16
합니다,Verb,윤석열,15
합니다,Verb,임채진,17
합니다,Verb,정상명,14
합니다,Verb,채동욱,18
합니다,Verb,한상대,17
합니다만,Verb,김준규,1
합당,Noun,윤석열,1
합되,Verb,채동욱,1
합리,Noun,김수남,2
합리,Noun,윤석열,1
합리,Noun,임채진,1
합리,Noun,정상명,3
합법,Noun,김수남,1
합법,Noun,임채진,1
합시다,Verb,김수남,1
합시다,Verb,김종빈,4
합시다,Verb,김준규,2
합시다,Verb,김진태,6
합시다,Verb,문무일,5
합시다,Verb,한상대,1
합심,Noun,문무일,1
합쳐,Verb,한상대,1
합친다면,Verb,채동욱,1
항상,Noun,김수남,5
항상,Noun,김준규,1
항상,Noun,김진태,1
항상,Noun,임채진,2
항해,Noun,채동욱,2
해,Noun,문무일,1
해,Noun,임채진,1
해,Verb,김수남,4
해,Verb,김종빈,2
해,Verb,김진태,2
해,Verb,임채진,7
해,Verb,정상명,3
해,Verb,채동욱,1
해,Verb,한상대,2
해결,Noun,김수남,2
해결,Noun,김진태,1
해나,Noun,채동욱,1
해도,Noun,채동욱,1
해드릴,Verb,김진태,1
해방,Noun,윤석열,1
해서,Verb,김종빈,1
해서,Verb,정상명,1
해서는,Verb,김수남,1
해서는,Verb,김종빈,1
해서는,Verb,김진태,1
해서는,Verb,문무일,1
해서는,Verb,윤석열,1
해서는,Verb,임채진,1
해서는,Verb,정상명,5
해서는,Verb,채동욱,2
해서도,Verb,김종빈,1
해서도,Verb,채동욱,2
해서만,Verb,윤석열,1
해소,Noun,김종빈,1
해소,Noun,채동욱,1
해야,Verb,김수남,10
해야,Verb,김종빈,4
해야,Verb,김준규,4
해야,Verb,김진태,8
해야,Verb,윤석열,6
해야,Verb,임채진,4
해야,Verb,정상명,7
해야,Verb,채동욱,6
해야,Verb,한상대,4
해오던,Verb,김준규,1
해온,Verb,정상명,1
해외,Noun,임채진,1
해주셔서,Verb,김진태,1
해주시기,Verb,임채진,1
해준,Verb,김종빈,1
해치는,Verb,김종빈,1
핵심,Noun,김진태,1
핵심,Noun,윤석열,2
핵심,Noun,채동욱,1
했고,Verb,채동욱,1
했다고,Verb,김진태,1
했다고,Verb,임채진,1
했습니다,Verb,김수남,2
했을,Verb,김수남,1
행동,Noun,김진태,1
행복,Noun,김수남,1
행복,Noun,김준규,1
행복,Noun,김진태,2
행복,Noun,문무일,1
행복,Noun,임채진,1
행사,Noun,김수남,1
행사,Noun,김종빈,3
행사,Noun,윤석열,2
행사,Noun,임채진,5
행사,Noun,정상명,2
행사,Noun,채동욱,1
행운,Noun,김종빈,1
행위,Noun,김수남,1
행위,Noun,김종빈,1
행위,Noun,김진태,2
행위,Noun,윤석열,1
행태,Noun,김수남,1
향,Noun,김수남,1
향,Noun,김종빈,1
향,Noun,김진태,1
향,Noun,임채진,1
향,Noun,정상명,1
허물,Noun,김진태,1
허물,Noun,정상명,1
허브,Noun,한상대,1
헌,Modifier,정상명,1
헌,Modifier,채동욱,1
헌법,Noun,김수남,1
헌법,Noun,김진태,1
헌법,Noun,문무일,1
헌법,Noun,윤석열,11
헌법,Noun,임채진,1
헌신,Noun,김종빈,2
헌신,Noun,김준규,1
헌신,Noun,김진태,1
헌신,Noun,윤석열,1
헌신,Noun,임채진,2
헌신,Noun,채동욱,1
헌신,Noun,한상대,1
험한,Adjective,채동욱,1
헛되,Noun,정상명,1
헤아려야,Verb,김진태,1
헤쳐,Verb,김종빈,1
헤쳐,Verb,김진태,1
헤쳐,Verb,채동욱,1
혁명,Noun,김종빈,1
혁신,Noun,김수남,2
혁신,Noun,김종빈,1
혁신,Noun,임채진,2
혁신,Noun,정상명,7
혁신,Noun,채동욱,4
현,Noun,정상명,1
현대,Noun,윤석열,1
현상,Noun,김진태,1
현실,Noun,김수남,1
현실,Noun,김진태,2
현실,Noun,윤석열,1
현실,Noun,정상명,1
현실,Noun,채동욱,1
현안,Noun,임채진,1
현장,Noun,김수남,1
현재,Noun,정상명,2
현재,Noun,채동욱,1
현저,Noun,채동욱,1
현행법,Noun,정상명,1
혈세,Noun,김진태,1
협력,Noun,임채진,1
협업,Noun,문무일,1
협조,Noun,임채진,1
형,Noun,김수남,1
형,Suffix,채동욱,1
형벌,Noun,김수남,2
형벌,Noun,김종빈,1
형벌,Noun,김진태,1
형사,Noun,김수남,2
형사,Noun,김종빈,4
형사,Noun,김진태,1
형사,Noun,문무일,2
형사,Noun,윤석열,9
형사,Noun,임채진,2
형사,Noun,정상명,1
형사,Noun,채동욱,1
형사소송법,Noun,문무일,1
형사소송법,Noun,채동욱,1
형사재판,Noun,윤석열,1
형성,Noun,채동욱,1
형식,Noun,김수남,1
형식,Noun,한상대,1
형평,Noun,임채진,1
혜택,Noun,김종빈,1
호도,Noun,한상대,1
호응,Noun,문무일,1
호흡,Noun,김진태,1
혹,Noun,김진태,1
혼,Noun,정상명,1
혼란,Noun,정상명,1
혼신,Noun,김수남,1
혼신,Noun,김종빈,1
혼신,Noun,김준규,1
혼신,Noun,임채진,1
혼신,Noun,한상대,1
혼자,Noun,김수남,2
혼자,Noun,임채진,1
화,Noun,김진태,1
화,Noun,임채진,1
화,Suffix,김수남,1
화,Suffix,김종빈,3
화,Suffix,김진태,3
화,Suffix,임채진,1
화,Suffix,채동욱,1
화,Suffix,한상대,1
화려하더라도,Adjective,임채진,1
화합,Noun,김준규,1
화해,Noun,김준규,1
확고하게,Adjective,김진태,1
확고하게,Adjective,임채진,1
확고하게,Adjective,채동욱,1
확고한,Adjective,정상명,1
확고한,Adjective,채동욱,1
확고히,Adjective,김종빈,1
확고히,Adjective,김진태,1
확대,Noun,김수남,1
확대,Noun,김종빈,1
확대,Noun,문무일,1
확대,Noun,임채진,1
확대,Noun,채동욱,2
확립,Noun,김수남,6
확립,Noun,김종빈,2
확립,Noun,김준규,1
확립,Noun,김진태,2
확립,Noun,윤석열,1
확립,Noun,임채진,2
확립,Noun,정상명,2
확보,Noun,김종빈,1
확보,Noun,임채진,1
확실한,Adjective,김진태,1
확실한,Adjective,정상명,1
확실한,Adjective,채동욱,1
확충,Noun,김종빈,1
확충,Noun,채동욱,1
환경,Noun,김수남,1
환경,Noun,김종빈,2
환부,Noun,김진태,1
환수,Noun,김진태,1
활,Noun,김종빈,1
활,Noun,윤석열,1
활동,Noun,김종빈,1
활동,Noun,윤석열,1
활동,Noun,채동욱,1
활동,Noun,한상대,1
활성화,Noun,김진태,1
활성화,Noun,채동욱,1
활약,Noun,한상대,1
회,Noun,김진태,1
회복,Noun,채동욱,1
회복하겠다는,Adjective,김진태,1
회복하는,Adjective,김진태,1
회복하는,Adjective,채동욱,1
회복하여,Adjective,문무일,1
회지,Noun,김진태,1
획기,Noun,채동욱,1
획일,Noun,채동욱,1
횡행,Noun,한상대,1
효율,Noun,김수남,5
효율,Noun,문무일,3
효율,Noun,정상명,1
효율,Noun,채동욱,2
후,Noun,김준규,1
후,Noun,문무일,2
후,Noun,정상명,4
후,Noun,채동욱,1
후방,Noun,문무일,1
후배,Noun,김진태,1
후배,Noun,정상명,1
후보자,Noun,김수남,1
후회,Noun,정상명,1
훌륭하게,Adjective,김수남,1
훌륭한,Adjective,김준규,1
훔친,Verb,김수남,1
훗날,Noun,정상명,1
훼손,Noun,김수남,1
훼손,Noun,김진태,1
훼손,Noun,한상대,1
휘하,Noun,채동욱,1
흐름,Noun,김종빈,1
흔드는,Verb,김종빈,1
흔드는,Verb,임채진,1
흔들리고,Verb,채동욱,1
흔들리지,Verb,김준규,1
흔들림,Verb,김준규,1
흔들림,Verb,임채진,2
흔들림도,Verb,정상명,1
흘러,Verb,임채진,1
흘리던,Verb,임채진,1
흩어지지,Verb,채동욱,1
희망,Noun,김종빈,1
희망,Noun,문무일,1
희망,Noun,윤석열,1
희망,Noun,정상명,1
희망,Noun,한상대,2
희생,Noun,윤석열,1
희생,Noun,임채진,1
희생,Noun,정상명,1
히,Adverb,김수남,1
히,Adverb,김종빈,1
히,Adverb,김진태,1
히,Adverb,윤석열,1
히,Adverb,임채진,1
히,Adverb,채동욱,3
힘,Noun,김수남,2
힘,Noun,김종빈,1
힘,Noun,김준규,3
힘,Noun,김진태,2
힘,Noun,임채진,1
힘,Noun,채동욱,1
힘,Noun,한상대,3
힘들게,Adjective,문무일,1
힘들고,Adjective,김진태,1
힘들고,Adjective,정상명,1
힘써야,Verb,김진태,1
힘차게,Adjective,김종빈,1
힘차게,Adjective,윤석열,1
힘차게,Adjective,임채진,1
힘찬,Adjective,김수남,1
｢,Foreign,김진태,1
｢,Foreign,채동욱,2
｣,Foreign,김진태,1
｣,Foreign,채동욱,2
󰡔,Foreign,김준규,2
󰡕,Foreign,김준규,2
